"cruise","station","cast","rosette","abs_depth","no23_um","po4_um","DON_um","DOP_um","si_um"
"MT","4",2,24,5,0.0021974856015289,0.0264986978504275,4.79420229472553,0.198935094748431,2.66587977396596
"MT","4",2,23,15,0.00153550145265733,0.0364509270201325,4.67582033995004,0.188705995908408,1.74071753244573
"MT","4",2,19,45,0.00149897771649952,0.0314088700401698,NA,NA,1.86456157418408
"MT","4",2,16,75,0.00172824056018971,0.0504148107093438,NA,NA,2.72377628597648
"MT","4",2,14,100,0.00355150849990372,0.0729295722814105,4.28253623791268,0.136703617027413,3.89906906464607
"MT","4",2,13,105,0.0115578067502882,0.0854546761289341,4.27512244663975,0.154632217695762,2.82615944409778
"MT","4",2,11,125,1.89363826472763,0.221974851053694,4.01656554754423,0.113375861078983,3.85915447791647
"MT","4",2,10,150,4.23409530241738,0.350673886633997,3.69372502768172,0.090580159724532,4.7273222694422
"MT","4",2,9,175,5.27379200036829,0.423639323084463,3.56897223150338,0.0893471075629622,5.62737783291174
"MT","4",2,6,200,6.42709977570621,0.506913220905432,3.47964000595559,0.0538002079512441,6.75514238562784
"MT","4",2,5,250,9.31393818465484,0.69813849503269,3.46439086247616,NA,9.27796827501038
"MT","4",2,2,500,26.1019696459462,1.86779337995449,3.02283217401504,NA,39.2261201164298
"MT","4",3,10,15,NA,0.0192901065334309,NA,NA,NA
"MT","4",3,5,118,NA,0.11298490969581,NA,NA,NA
"MT","5",2,24,5,0.00211424915055975,0.0422842927414173,4.78288383200779,0.206875092808642,1.51064653934597
"MT","5",2,23,15,0.00218121354284355,0.0583742371483002,4.76023203220146,0.199937033702361,1.53864660176383
"MT","5",2,20,45,0.00164323258354107,0.0442422746269963,4.9025729909111,0.182695125277172,1.6095718700029
"MT","5",2,17,75,0.00156682967562071,0.065,4.8126002258735,0.175855685337744,1.68006541921791
"MT","5",2,16,100,0.00193838102892817,0.0907081204957496,4.59289936491159,0.161476635261383,1.93928185609515
"MT","5",2,15,116,0.0101310838015458,0.074288571403328,4.50827326204648,0.166906812777527,1.99583704824752
"MT","5",2,12,125,0.917799649594709,0.174757217931501,4.27896953992214,0.127484025449486,2.61170232465229
"MT","5",2,9,150,1.34919560381156,0.195227521198701,4.28410614778871,0.0963144713427311,2.4797160805631
"MT","5",2,8,175,1.84809281303455,0.220765423956364,4.06555772623657,0.10766371467246,3.57175513197619
"MT","5",2,5,200,2.50449938941699,0.258841165794351,3.80731297617404,NA,3.62539424103862
"MT","5",2,4,250,5.56567551861862,0.448006773943935,3.83878871362822,NA,6.15246731205312
"MT","5",2,1,500,23.1227197387178,1.68183496597014,3.07064572883918,NA,31.3696835336355
"MT","6",1,24,5,0.00528186695331922,0.043033474358156,4.86703210208804,0.204053903936122,NA
"MT","6",1,23,15,0.0055545448041404,0.0412900843228331,4.80650891169717,0.202603746821137,1.83521700204527
"MT","6",1,13,45,0.00324628292371658,0.0339349710220827,4.88589298643192,0.19458017727944,2.33053099829497
"MT","6",1,12,75,0.0045718712113377,0.0438429343585784,4.91073815001698,0.191033951522723,1.34349760252141
"MT","6",1,11,100,0.00234098278956293,0.0680209485873203,4.69193020682307,0.163713333912417,1.71528135675227
"MT","6",1,10,125,0.0030952877011266,0.089,4.63688071706779,0.169513544738161,1.82950187569032
"MT","6",1,8,125,0.00324503551891869,0.082,4.51964027792017,0.153617060235851,1.85269135469719
"MT","6",1,7,150,0.0556578321524945,0.0813914450707056,4.73752127566973,0.148536998984288,1.95161668535412
"MT","6",1,5,175,0.300655339762681,0.0890178324695694,4.48421029494904,0.131079320755141,2.03191642383001
"MT","6",1,4,200,0.685693765879485,0.123373992062716,4.34992216145582,0.127024070002807,2.19609300126689
"MT","6",1,3,250,2.08154029185285,0.221090430803542,3.92968729639548,0.0881947019319755,5.14715941976886
"MT","6",1,1,500,20.6909985035464,1.49293417201769,2.98094242244344,NA,27.6304648248604
"MT","7",2,5,15,NA,0.0395237709294347,NA,NA,NA
"MT","7",2,2,140,NA,0.110626836219574,NA,NA,NA
"MT","7",3,24,5,0.00160982615529992,0.0439379251111032,4.94486982821348,0.207935227873846,1.54191533151745
"MT","7",3,23,15,0.00189883018473555,0.0397987716949568,4.73552538798855,0.195995402474689,1.57552774124815
"MT","7",3,20,45,0.00211571399664095,0.0337422163286838,4.92472103365739,0.191285219783487,1.55560699199491
"MT","7",3,17,75,0.00239857361012511,0.0301312417255,4.85468253853803,0.187828974732518,1.66507860166826
"MT","7",3,16,100,0.00202929529384021,0.0654855024643398,4.67139642156629,0.165505508787561,1.73100826405745
"MT","7",3,15,125,0.0176055615544609,0.0868643841733112,4.4354614239608,0.153895552283382,1.89981040246645
"MT","7",3,12,125,0.0204880034182039,0.106909357297835,4.45102814495783,0.152038516311147,1.86299093712842
"MT","7",3,9,150,0.735804028106794,0.124780891595565,4.20517015723548,0.129546313283961,2.17857754371915
"MT","7",3,8,175,0.552185349503755,0.107369139500125,4.28671786042623,0.139185560000133,2.22261288417367
"MT","7",3,5,200,1.08166563393689,0.152944910742189,4.11844236640723,0.116677486623572,2.61553887021814
"MT","7",3,2,250,4.02840911784353,0.376536364518621,3.87622849874342,NA,6.59799666524543
"MT","7",3,1,500,20.2484057748202,1.47071920325848,3.07910830491425,NA,26.8498328409067
"MT","8",2,24,5,0.00364087132684798,0.0488785322524349,4.88062120419162,0.206472469815302,1.20294094557993
"MT","8",2,23,15,0.00393606306817837,0.0433089361115908,4.75363237120828,0.200493361142534,1.18111902858688
"MT","8",2,13,45,0.00515932500183607,0.0358929529076618,4.99960458722044,0.199179571116775,1.6708998322087
"MT","8",2,12,75,0.003171694837419,0.0343806494276153,4.84081332437635,0.187105984989823,1.37101964087764
"MT","8",2,11,100,0.00221695434402693,0.0657289052921459,4.57500717508469,0.165623252169949,1.43545030485555
"MT","8",2,10,110,0.00196899016454639,0.0734569450749904,4.50625500852528,0.167137552506474,1.55968252299415
"MT","8",2,8,125,0.567693631670648,0.135195958003974,4.28610739657099,0.137142938244594,1.90284371945482
"MT","8",2,7,150,1.28718023014425,0.164162236748283,4.08239968000618,0.117616867350623,3.41348372929769
"MT","8",2,5,175,1.15124345580545,0.15987426794866,3.99525825921314,0.121034693891578,2.44037241035053
"MT","8",2,4,200,2.09876254690765,0.230358927703078,4.00642400899625,0.101545499003833,5.8670567063856
"MT","8",2,3,250,4.50786188842333,0.393131387538744,3.54839754450082,NA,5.15522906486958
"MT","8",2,2,500,22.3547409599052,1.60571559619522,3.00379137784613,NA,28.478202278599
"MT","9",3,24,5,0.00175486534612559,0.0521857969918067,4.82713793625404,0.208233978046747,1.49559804765003
"MT","9",3,23,15,0.00192099836897092,0.0475495393663682,4.84336402248333,0.199440734006243,1.54247039883411
"MT","9",3,20,45,0.000887062039355102,0.0390480428890871,4.85262238839942,0.195114227038143,1.63609175290969
"MT","9",3,17,75,0.00347851826357955,0.0474939767756703,4.6523989842563,0.174410662573262,1.78744010791724
"MT","9",3,16,100,0.00900486959575892,0.0653435174814529,4.45101060683701,0.154215249540074,2.01557277506187
"MT","9",3,15,110,0.176362626233857,0.0850388629647652,4.41292709982679,0.152541279370261,1.78607831071116
"MT","9",3,12,125,0.7703619548807,0.138914196683368,4.31729163914344,0.133393062324322,2.24987506697085
"MT","9",3,9,150,1.43947334255187,0.180204637502118,3.96566975812682,0.10633693742506,3.26439467758246
"MT","9",3,8,175,2.73665232352971,0.263105367628169,3.66472197155759,0.106965278168493,3.47053765561735
"MT","9",3,5,200,3.55593157827868,0.308537963455674,3.83969901191945,0.10072361201632,4.88128584960835
"MT","9",3,2,250,7.01427854767809,0.548253659457332,3.62178697403013,NA,9.40708259662188
"MT","9",3,1,500,23.154877527803,1.67874546700363,2.98601996808848,NA,31.539995517077
"MT","10",1,24,5,0.00243833142071677,0.0434780146478253,5.3047794279566,0.203297402191025,1.62351022706554
"MT","10",1,23,15,0.00425653749039984,0.0419675386621038,4.79327248460736,0.198509093248264,1.61068200463621
"MT","10",1,14,45,0.00637128717454898,0.0373670039604947,4.56925205905734,0.195734217822688,1.63627677534857
"MT","10",1,13,75,0.00242216692936591,0.0596369024902536,4.81856351551947,0.184618360905294,1.77023302110098
"MT","10",1,12,100,0.00400737809369501,0.0912783158202353,4.49037350303182,0.157015731743361,1.95735238095954
"MT","10",1,10,123,0.501242553221337,0.128498794431888,4.28686019591287,0.14214472246163,2.17167003933413
"MT","10",1,8,125,0.624503949752912,0.128349201295951,4.24497696030752,0.133415369197436,2.24327372318245
"MT","10",1,7,150,1.25585466394883,0.165081801152864,3.99964592074081,0.111352986226639,2.85796455672358
"MT","10",1,5,175,1.91981795629749,0.193828184061295,3.84003333042933,0.104642011612275,3.24635719856565
"MT","10",1,4,200,1.86895744491005,0.205436969373214,4.1279322936962,0.10785619878563,3.5179405457501
"MT","10",1,3,250,6.0751173708081,0.465425663355127,3.52082994153042,0.0892522527821458,6.10107641430644
"MT","10",1,2,500,27.1712161330313,1.99387436158786,3.07022260003543,NA,39.6109147722851
"MT","11",1,24,5,0.00294085371165153,0.0440292299658712,5.13824193821853,0.209421603330358,1.24148678186395
"MT","11",1,23,15,0.00209347677566708,0.0382161542123126,4.68863113010599,0.200533407325826,1.23614010134714
"MT","11",1,20,45,0.00180676336193829,0.0269044972049517,4.99267509242425,0.187604277568276,1.37608635533961
"MT","11",1,17,75,0.0208680707257636,0.0425752112970882,5.09337268449759,0.167308398063677,3.91910651918456
"MT","11",1,16,100,0.00254219648760218,0.0645118911531153,4.42326946806445,0.155182828819051,4.38337159598444
"MT","11",1,15,110,0.0682704051156854,0.0882943757866722,4.41533762187417,0.1449459255046,4.55926201883733
"MT","11",1,12,125,0.741459486155017,0.129138827252059,3.73040770435129,0.134104809115718,2.6369226260706
"MT","11",1,9,150,4.14890363346526,0.393753479935573,3.49487303202499,0.0886389558051222,4.31418476061715
"MT","11",1,8,175,3.77276565412985,0.331992735849624,3.6345388873283,0.0954495519734285,5.00000882385256
"MT","11",1,5,200,5.66846382360563,0.462336164388614,3.52913648946277,0.079404728548179,6.32532760447378
"MT","11",1,2,250,9.48344168940527,0.692400854094882,3.4124222055252,NA,9.2270020954269
"MT","11",1,1,500,29.7501861919089,2.15111514708349,3.1633109368612,NA,47.433798620187
"MT","12",2,20,5,0.00150643572329664,0.0246015858680271,4.68910888969668,0.185859981559754,1.49489457007956
"MT","12",2,18,15,0.00186269308515705,0.0230494033369722,4.69192179472357,0.185362386447639,1.52859109147624
"MT","12",2,16,45,0.00217526253393757,0.0253320247061706,4.66577012727672,0.178484560331493,1.85100836078098
"MT","12",2,14,75,0.00318969565672034,0.0579400148023499,4.50305682767483,0.157056882482293,2.97361315064673
"MT","12",2,12,98,0.0638079232191228,0.0946127075251395,4.33219207678088,0.137658037409047,2.99805161033073
"MT","12",2,10,100,0.81998396863348,0.160858843826373,4.19101603136652,0.123884024860274,3.3186416486587
"MT","12",2,9,125,3.10098916477458,0.297888890757981,3.74561780134188,0.0998344944933248,4.18948438138214
"MT","12",2,8,150,5.23096498090186,0.425268551323015,3.55545237766529,0.0865512052011353,7.93621236008718
"MT","12",2,5,175,6.63461340179863,0.51280708453304,3.476417339042,0.0759637874261897,6.64426038609824
"MT","12",2,4,200,7.64943962592666,0.582208724289283,3.58886720828158,NA,9.79697387043555
"MT","12",2,3,250,11.5511981797729,0.834547230354119,3.26452574094076,NA,12.4705747077526
"MT","12",2,2,500,30.1458116234184,2.17600768161367,2.83961740198977,NA,48.9037481830074
"MT","13",1,24,5,0.00270087122143596,0.0394132623081589,4.82422486406847,0.205323024140787,1.2876796147011
"MT","13",1,23,15,0.00216637753699866,0.0419089283384824,4.74851732465356,0.198259097399789,1.20449521317203
"MT","13",1,10,45,0.00151722632507428,0.0292479884773287,4.84923230370191,0.187427155297903,1.29109900340371
"MT","13",1,9,75,0.00124868688807264,0.0450903738510848,4.62270032459343,0.166618784415232,2.63023156670641
"MT","13",1,8,100,0.0278765009256526,0.088182816157261,4.28886001550287,0.159900333630841,3.05809984252269
"MT","13",1,7,105,0.0266249860374527,0.0968033329753947,4.39342320155202,0.149661638062463,2.27268652174985
"MT","13",1,6,125,2.2801356501565,0.271441418861003,3.46069033425939,0.118605641309503,5.15301198579034
"MT","13",1,5,150,3.03256911120599,0.300927451399206,3.83297409921772,0.105585257220846,3.70620736109294
"MT","13",1,4,175,3.37611000689893,0.30503550542402,3.64277059645184,0.0914516559832739,3.94921897653699
"MT","13",1,3,200,5.37576469369289,0.4283222519573,3.56095565743167,0.11123762224402,5.61817186275291
"MT","13",1,2,250,8.19745026435364,0.6168405365139,3.42955882358788,0.0797014761243785,8.63664384858485
"MT","13",1,1,500,27.0341224006152,1.91728421101804,2.86585138782249,NA,41.4529174460649
"MT","14",1,18,5,0.00372332455911472,0.0580495976646808,5.08154378614436,0.211924174663033,1.35936243604864
"MT","14",1,16,15,0.00405339763430835,0.0620365763228807,4.83288980497635,0.195946554647076,1.94457526982527
"MT","14",1,14,45,0.00275182403345029,0.0511611536216332,4.94443257214674,0.198095503578716,1.62439614585314
"MT","14",1,13,75,0.00416747761973766,0.0760431001204305,4.87548004260131,0.181892086133855,1.39399662862316
"MT","14",1,12,100,0.00578662518501393,0.0932334248342382,4.5853344860787,0.140177000292008,1.34508961945735
"MT","14",1,10,105,0.0186962355851255,0.10004870401281,4.64465686265817,0.156577703451809,1.83114885913882
"MT","14",1,8,125,0.840043817739583,0.171748643086078,4.3052976996925,0.105986072070967,1.7483833845462
"MT","14",1,7,150,0.69656037599113,0.138254509175734,4.16451209556686,0.113216084484061,2.64504916763873
"MT","14",1,5,175,1.01906343756021,0.136435370897106,4.10480715621313,0.0988210111679422,2.23748909671874
"MT","14",1,4,200,1.54146191493776,0.16483212581334,4.19678078579265,NA,4.63240100597566
"MT","14",1,3,250,4.5963389925513,0.392072130750225,3.80321160438939,NA,6.97854413946878
"MT","14",1,2,500,27.0823590842431,2.00788009023605,3.07149198644669,NA,37.7608424534046
"MC","15",1,4,15,0,0.0316503638710284,NA,NA,NA
"MC","15",1,2,111,0,0.0998951945481243,NA,NA,NA
"MC","15",3,15,75,0,0.0528761306945359,NA,NA,1.36999811728757
"MC","15",3,14,80,0,0.0567341741671576,NA,NA,1.42700729083736
"MC","15",3,13,86,0,0.0654671097796035,NA,NA,1.40337773399378
"MC","15",3,12,91,0,0.0888745673344245,NA,NA,1.52479465593031
"MC","15",3,11,96,0,0.0739508177775391,NA,NA,1.66290138621994
"MC","15",3,10,100,0,0.0506928967914244,NA,NA,1.8421877811059
"MC","15",3,9,105,0,0.0517396527723683,NA,NA,NA
"MC","15",3,8,110,0.365065247599474,0.109690057698337,NA,NA,2.07871276271489
"MC","15",3,7,116,0.233059233795418,0.101355886269108,NA,NA,1.99463283472294
"MC","15",3,6,121,0.229652945481102,0.100189501033199,NA,NA,1.91416616420951
"MC","15",3,5,125,0.1245023062131,0.0747882225622942,NA,NA,1.98419453534059
"MC","15",3,4,131,0.146174198531716,0.0743495819607558,NA,NA,1.95769731383153
"MC","15",3,3,135,0.736153207870636,0.120476628854349,NA,NA,2.17541041523496
"MC","15",3,2,140,0.79820689498795,0.118861633912321,NA,NA,2.31844952874922
"MC","15",3,1,146,0.899506947465857,0.127584600420187,NA,NA,2.34288203169913
"MC","L1",4,NA,15,0,0.0114995592317765,NA,0.192102644485775,1.58695138115796
"MC","L1",4,NA,101,0.650913176835109,0.0921234224211903,NA,0.138744525106222,3.44783285570867
"MC","L1",6,18,15,0,0.0210654665398081,NA,NA,NA
"MC","L1",6,17,15,0,0.0223967413768963,NA,NA,NA
"MC","L1",6,16,15,0,0.0261556350345573,NA,NA,1.59325269106401
"MC","L1",6,NA,15,0,0.0210654665398081,NA,NA,NA
"MC","L1",6,15,45,0,0.0481608249887806,NA,NA,2.48442390752316
"MC","L1",6,14,75,0,0.101255197903241,NA,NA,3.03909139917894
"MC","L1",6,13,100,0,0.136847222224218,NA,NA,NA
"MC","L1",6,8,109,0.387194357600217,0.135046085679922,NA,NA,4.02428250019254
"MC","L1",6,NA,109,0,0.135046085679922,NA,NA,NA
"MC","L1",6,5,125,2.45475970647372,0.260538316646623,NA,NA,5.09626992537117
"MC","L1",6,4,150,5.13798450865277,0.407683341287141,NA,NA,6.01627759689771
"MC","L1",6,3,175,6.44049815773142,0.512157028585107,NA,NA,6.90553587640627
"MC","L1",6,2,250,11.0354768642033,0.824224035249867,NA,NA,11.8441709875243
"MC","L1",6,1,400,21.4978944078891,1.47001917021847,NA,NA,28.813594086
"MC","L1",9,NA,15,0,0.0248644402442983,NA,NA,NA
"MC","L1",9,NA,101,0.45983071015056,0.0660290565352053,NA,NA,4.93426210742521
"MC","L1",10,NA,15,0,0.0147386534089211,NA,NA,4.40458532561035
"MC","L1",10,NA,92,0.971392945929218,0.0938187630619591,NA,NA,3.3519989958516
"MC","L1",11,NA,15,0,0.0422483985064181,NA,NA,NA
"MC","L1",11,NA,111,0,0.137698386360993,NA,NA,NA
"MC","L1",13,NA,15,0,0.0258686583478644,NA,NA,NA
"MC","L1",13,NA,103,0,0.177585929434641,NA,NA,NA
"MC","L1",15,NA,15,0,0.0200234912768938,NA,0.197190976878396,3.29477968266247
"MC","L1",15,NA,101,0.751864988983146,0.0858476877685199,NA,0.132144179582961,4.94471993306929
"MC","L1",16,NA,15,0,0.0238454816407865,NA,NA,NA
"MC","L1",16,NA,116,0,0.151961107139396,NA,NA,NA
"MC","L1",17,NA,15,0,0.0149091320498234,NA,NA,5.33802376606428
"MC","L1",17,NA,101,0.615116604820608,0.0903091105073851,NA,NA,3.45332764545387
"MC","L1",18,NA,15,0,0.023418366175163,NA,NA,NA
"MC","L1",18,NA,112,0,0.149387485086503,NA,NA,NA
"MC","L1",19,NA,15,0,0.0232189993645097,NA,NA,NA
"MC","L1",19,NA,107,0,0.0241815719338733,NA,NA,NA
"MC","L1",22,NA,15,0,0.0242217406580159,NA,NA,NA
"MC","L1",22,NA,107,0,0.155151697000973,NA,NA,NA
"MC","L1",23,NA,15,0,0.0132353417573277,NA,0.186208193218374,1.54206433763745
"MC","L1",23,NA,101,0.323584573809653,0.0760226434702634,NA,0.128830239233965,5.73035669911091
"MC","L1",25,NA,15,0,0.0226551604164527,NA,NA,NA
"MC","L1",25,NA,110,0,0.154623656813573,NA,NA,NA
"MC","L1",26,NA,15,0,0.0231773538303071,NA,NA,NA
"MC","L1",26,NA,109,0,0.168588135226688,NA,NA,NA
"MC","L1",28,NA,15,0,0.0117165320474704,NA,NA,1.49647041154182
"MC","L1",28,NA,109,0,0.148182423362223,NA,NA,NA
"MC","L1",29,NA,15,0,0.00691213398567697,NA,NA,1.99552950958081
"MC","L1",29,NA,106,0,0.142798803848848,NA,NA,NA
"MC","L1",33,24,74,0,0.0336756352726513,NA,0.148740866632068,4.02868239300576
"MC","L1",33,23,80,0,0.0410128962438387,NA,0.151151436973478,4.68789958320991
"MC","L1",33,22,85,0,0.0476124434760753,NA,0.141367384508038,4.72318382000756
"MC","L1",33,21,90,0,0.0504536382814944,NA,0.134215905722507,3.36832893076915
"MC","L1",33,20,94,0,0.0675406835323304,NA,0.132712217521499,2.578
"MC","L1",33,19,99,0,0.07516704853635,NA,0.127968198295258,3.31061827227808
"MC","L1",33,15,104,0,0.0892334550993195,NA,0.132215758171264,2.8137085713431
"MC","L1",33,14,109,0.684565218182813,0.136237783195989,NA,0.114660166449265,3.04162081953942
"MC","L1",33,10,114,1.03190789324838,0.172874242529025,NA,0.114217077178435,3.57668533924881
"MC","L1",33,9,119,2.11263925233529,0.245080467004991,NA,0.101568244840999,3.63248227642203
"MC","L1",33,5,125,2.66939460898531,0.277809037342502,NA,0.105083888717848,4.13884097636384
"MC","L1",33,4,129,3.46261548774506,0.320616372410816,NA,0.083023215042523,4.139
"MC","L1",33,3,133,4.14367568461893,0.346735426411511,NA,0.086923838421582,4.41
"MC","L1",33,2,139,4.45073529788043,0.375994748355037,NA,0.0883550327678013,4.52397739157882
"MC","L1",33,1,145,4.78119463086635,0.394627004815838,NA,0.0734182782131889,4.69232506375742
"MC","L2",2,24,93,0,0.0698297302063902,NA,0.146844858165049,1.01722302552484
"MC","L2",2,23,98,0,0.0732197200158283,NA,0.146237621950366,1.07030386283794
"MC","L2",2,22,103,0,0.0774419827724938,NA,0.143927607473825,1.12293756915081
"MC","L2",2,21,108,0,0.0771983906903785,NA,0.171160567756072,1.17755142703613
"MC","L2",2,20,113,0,0.0781626093487516,NA,0.139232905658047,1.21415229319787
"MC","L2",2,19,118,0,0.0675765034468235,NA,0.135246076288338,1.28812053580746
"MC","L2",2,15,123,0.0858615376850866,0.0699109275670953,NA,0.139784226272171,1.31022158239029
"MC","L2",2,14,128,0.136322304707302,0.0725599914600994,NA,0.144189199834284,1.33973222840552
"MC","L2",2,10,133,0.118475231099638,0.0653435760274332,NA,0.136875475666732,1.34956911041059
"MC","L2",2,9,138,0.135344382865786,0.0786599431830704,NA,0.141337492635057,1.38316781128507
"MC","L2",2,5,143,0.0866438751582992,0.0758687839088324,NA,0.12763485975931,1.54119898428614
"MC","L2",2,4,148,0.022541098446939,0.0758992329190968,NA,0.129101652843548,1.5368992780608
"MC","L2",2,3,153,0.021612072697499,0.07937042008924,NA,0.111063127685084,1.56718149476213
"MC","L2",2,2,158,0.275822855399529,0.0841712140409294,NA,0.12421874935391,1.55305388859315
"MC","L2",2,1,163,0.291225124403403,0.0828111582491189,NA,0.120936052827463,1.54942985048893
"MC","L2",6,NA,15,0,0.0266411621555576,NA,0.217708471625439,2.09449307009845
"MC","L2",6,NA,125,0,0.0327270143577646,NA,0.16408394803243,1.89481620568207
"MC","L2",8,24,5,0,0.0373643197898071,NA,NA,1.53345992523456
"MC","L2",8,18,15,0,0.0353191149171018,NA,NA,NA
"MC","L2",8,16,15,0,0.0377576284191734,NA,NA,1.30553225719983
"MC","L2",8,15,15,0,0.0364203790793277,NA,NA,1.8850673851664
"MC","L2",8,NA,15,0,0.0377576284191734,NA,NA,NA
"MC","L2",8,14,75,0,0.0564791191770136,NA,NA,1.39488720954353
"MC","L2",8,13,100,0,0.0811395702382863,NA,NA,NA
"MC","L2",8,8,119,0,0.0831454442480549,NA,NA,2.12100116666568
"MC","L2",8,NA,119,0,0.0831454442480549,NA,NA,1.75342222760014
"MC","L2",8,5,125,0.171859439808989,0.0711888619153166,NA,NA,2.91801127012029
"MC","L2",8,4,150,0.118463382958318,0.0842073775473441,NA,NA,2.28641168924517
"MC","L2",8,3,175,0.373772397954693,0.0967145919611953,NA,NA,3.56869668052381
"MC","L2",8,2,250,1.13736518909242,0.146468133576044,NA,NA,2.75719548427911
"MC","L2",8,1,400,10.5645411496843,0.66972628905982,NA,NA,12.2941017465921
"MC","L2",11,NA,15,0,0.0340818044798543,NA,NA,NA
"MC","L2",11,NA,124,0,0.0342736409072379,NA,NA,2.97770337181057
"MC","L2",12,NA,15,0,0.0138552640878816,NA,NA,3.45276793820314
"MC","L2",12,NA,128,0,0.0387548921916092,NA,NA,1.7077570193026
"MC","L2",13,NA,15,0,0.0327312434631701,NA,NA,NA
"MC","L2",13,NA,112,0,0.0760683631455955,NA,NA,NA
"MC","L2",15,NA,15,0,0.0339626373313233,NA,NA,NA
"MC","L2",15,NA,118,0,0.075432805020097,NA,NA,NA
"MC","L2",17,NA,15,0,0.0108951349594863,NA,0.203001265667074,5.20619016580327
"MC","L2",17,NA,125,0,0.0329054712673193,NA,0.166945156323156,1.93499316295877
"MC","L2",18,NA,15,0,0.0344790283082908,NA,NA,NA
"MC","L2",18,NA,136,0,0.0769025331853122,NA,NA,NA
"MC","L2",19,NA,15,0,0.032969577760232,NA,NA,NA
"MC","L2",19,NA,128,0,0.0722947367754484,NA,NA,NA
"MC","L2",20,NA,15,0,0.01670690680843,NA,NA,2.93815742351138
"MC","L2",20,NA,128,0,0.0351064398184928,NA,NA,2.63714457512982
"MC","L2",21,NA,15,0,0.0560085598095507,NA,NA,NA
"MC","L2",21,NA,127,0,0.0682033313425522,NA,NA,NA
"MC","L2",24,NA,15,0,0.0307848467038311,NA,NA,NA
"MC","L2",24,NA,124,0,0.073605575409289,NA,NA,NA
"MC","L2",25,NA,15,0,0.0144286922436441,NA,0.196492621653532,2.90458050119289
"MC","L2",25,NA,122,0,0.0424826587467499,NA,0.136350387594564,2.19791589807836
"MC","L2",26,24,5,0,0.0394095246625123,NA,NA,1.29247040370108
"MC","L2",26,19,15,0,0.0372463272009971,NA,NA,NA
"MC","L2",26,17,15,0,0.0395275172513222,NA,NA,1.58769881755811
"MC","L2",26,NA,15,0,0.0372463272009971,NA,NA,NA
"MC","L2",26,16,45,0,0.03791495187092,NA,NA,1.72435955605959
"MC","L2",26,15,75,0,0.0464354655442303,NA,NA,2.35052925196912
"MC","L2",26,14,100,0,0.0829881207963083,NA,NA,2.12282043822735
"MC","L2",26,8,122,0,0.0855249614557215,NA,NA,NA
"MC","L2",26,5,122,0,0.0844040318620273,NA,NA,1.62017486218888
"MC","L2",26,NA,122,0,0.0855249614557215,NA,NA,NA
"MC","L2",26,4,150,0,0.0868032145011623,NA,NA,2.47196836521576
"MC","L2",26,3,175,0.241011710156578,0.0865947945991635,NA,NA,2.16270723859811
"MC","L2",26,2,250,1.08630338609315,0.14081584718075,NA,NA,5.50555493636915
"MC","L2",26,1,400,12.1025226560225,0.778836760415504,NA,NA,13.4929745940058
"MC","L2",27,NA,15,0,0.0326517986974827,NA,NA,NA
"MC","L2",27,NA,122,0,0.0848867321368864,NA,NA,NA
"MC","L2",29,NA,15,0,0.0144131941853802,NA,NA,1.96902141301358
"MC","L2",29,NA,126,0,0.0744794678318493,NA,NA,NA
"MC","L2",30,NA,15,0,0.0149091320498234,NA,NA,1.75342222760014
"MC","L2",30,NA,127,0,0.077260034630905,NA,NA,NA
"FK","36",1,19,5,0.00581223351156049,0.0387970490487637,NA,NA,NA
"FK","36",1,17,25,0.00804025635765868,0.0418491618332353,NA,NA,NA
"FK","36",1,15,45,0.012011949257225,0.0355884176599603,NA,NA,NA
"FK","36",1,11,75,0.00988079696965283,0.0319689249347856,NA,NA,NA
"FK","36",1,9,100,0.263536354470005,0.120855858090254,NA,NA,NA
"FK","36",1,5,125,1.44768206189193,0.192833482553962,NA,NA,NA
"FK","36",1,3,150,2.32193885258915,0.233506192837617,NA,NA,NA
"FK","36",1,1,175,4.01649553288461,0.362340569028292,NA,NA,NA
"FK","59",1,19,5,0.0083308680332367,0.0430719634295781,NA,NA,NA
"FK","59",1,15,25,0.0134650076351151,0.0478653456872418,NA,NA,NA
"FK","59",1,13,45,0.011333855347543,0.0451164876986632,NA,NA,NA
"FK","59",1,11,75,0.0155961599226873,0.0465447199631916,NA,NA,NA
"FK","59",1,9,100,0.117939905005415,0.114424882179372,NA,NA,NA
"FK","59",1,5,125,2.09492269868345,0.23644091666884,NA,NA,NA
"FK","59",1,3,150,2.57225237582036,0.260368698306075,NA,NA,NA
"FK","59",1,1,175,3.10106875481384,0.282780205963846,NA,NA,NA
"FK","72",1,24,5,0.007,0.057,NA,NA,NA
"FK","72",1,21,25,0.003,0.048,NA,NA,NA
"FK","72",1,17,45,0.004,0.046,NA,NA,NA
"FK","72",1,14,75,0.008,0.044,NA,NA,NA
"FK","72",1,13,100,0.01,0.04,NA,NA,NA
"FK","72",1,10,125,0.112,0.053,NA,NA,NA
"FK","72",1,4,150,1.685,0.21,NA,NA,NA
"FK","72",1,3,175,2.328,0.242,NA,NA,NA
"FK","73",1,24,5,0.0107115937755099,0.0444439052768927,NA,NA,NA
"FK","73",1,21,25,0.010171100511608,0.03874696072671,NA,NA,NA
"FK","73",1,17,45,0.00294814507582842,0.0392015556229045,NA,NA,NA
"FK","73",1,14,75,0.00864789222243002,0.0417840415225629,NA,NA,NA
"FK","73",1,13,100,0.0115960372982584,0.0394530336505866,NA,NA,NA
"FK","73",1,10,125,0.028,0.0783908975478962,NA,NA,NA
"FK","73",1,4,150,1.115,0.12624196989641,NA,NA,NA
"FK","73",1,3,175,1.724,0.222849148285838,NA,NA,NA
"FK","74",1,23,5,0.0112520870394118,0.0407491127163328,NA,NA,NA
"FK","74",1,18,25,0.0111046797856204,0.0354680741350089,NA,NA,NA
"FK","74",1,13,45,0.00702641243072439,0.0396271338235973,NA,NA,NA
"FK","74",1,11,75,0.0238799751142102,0.0439216047578607,NA,NA,NA
"FK","74",1,5,125,0.0449100766551195,0.0507598726644468,NA,NA,NA
"FK","74",1,3,150,0.130897641366782,0.0466588463668619,NA,NA,NA
"FK","74",1,1,175,1.05312655683717,0.144899705104054,NA,NA,NA
