"cruise","station","cast","rosette","pressure","beam_atten"
"MT","10",1,24,4.1,0.0512115551082033
"MT","10",1,23,14.8,0.0411616314199396
"MT","10",1,22,15.1,0.0412195171026157
"MT","10",1,22,15.1,0.0412195171026157
"MT","10",1,21,15,0.0411591549295775
"MT","10",1,20,15.1,0.0412195171026157
"MT","10",1,20,15.1,0.0412195171026157
"MT","10",1,19,15.7,0.0415816901408451
"MT","10",1,18,15.6,0.0415213279678068
"MT","10",1,17,15.9,0.0416995971802618
"MT","10",1,16,15.2,0.0412798792756539
"MT","10",1,16,15.2,0.0412798792756539
"MT","10",1,15,15.2,0.0412798792756539
"MT","10",1,15,15.2,0.0412798792756539
"MT","10",1,14,45,0.0457365558912387
"MT","10",1,13,74.5,0.0449002014098691
"MT","10",1,12,99.1,0.0386230614300101
"MT","10",1,11,123.5,0.0466060606060606
"MT","10",1,11,123.5,0.0466060606060606
"MT","10",1,10,123.7,0.0467272727272727
"MT","10",1,9,123.5,0.0466060606060606
"MT","10",1,9,123.5,0.0466060606060606
"MT","10",1,8,124.7,0.04645
"MT","10",1,7,149.9,0.0286989898989899
"MT","10",1,6,175.2,0.0170262626262627
"MT","10",1,5,175.5,0.0158747474747475
"MT","10",1,4,200.4,0.00629595959595959
"MT","10",1,3,250.9,0.00435656565656566
"MT","10",1,2,501,NA
"MT","10",1,1,502.4,NA
"MT","11",1,24,5.5,0.0456559939607448
"MT","11",1,23,15,0.0432211267605634
"MT","11",1,22,15.4,0.0428991951710262
"MT","11",1,22,15.4,0.0428991951710262
"MT","11",1,21,15.4,0.0428991951710262
"MT","11",1,21,15.4,0.0428991951710262
"MT","11",1,20,46,0.0482
"MT","11",1,19,52.6,0.0472100704934542
"MT","11",1,18,51.8,0.047371198388721
"MT","11",1,17,76.3,0.0424756539235412
"MT","11",1,16,100.8,0.041716
"MT","11",1,15,108.9,0.0559545454545455
"MT","11",1,14,109.3,0.0557121212121212
"MT","11",1,13,108.2,0.056386
"MT","11",1,12,126,0.0371434343434343
"MT","11",1,11,130.6,0.0311525252525253
"MT","11",1,10,130.8,0.0310515151515151
"MT","11",1,9,150.6,0.0178636363636364
"MT","11",1,8,175,0.0085
"MT","11",1,7,174.9,0.0085
"MT","11",1,6,175.1,0.0085
"MT","11",1,5,200.4,0.00581919191919192
"MT","11",1,4,249.7,0.0021
"MT","11",1,3,248.8,0.0021
"MT","11",1,2,248.4,0.0021
"MT","11",1,1,499.5,NA
"MT","12",2,20,5.3,0.0346669149471565
"MT","12",2,19,14.5,0.0343166163141994
"MT","12",2,19,14.5,0.0343166163141994
"MT","12",2,18,15,0.034530985915493
"MT","12",2,17,14.5,0.0343166163141994
"MT","12",2,17,14.5,0.0343166163141994
"MT","12",2,16,44.9,0.0461197381671702
"MT","12",2,15,75,0.0478497482376636
"MT","12",2,15,75,0.0478497482376636
"MT","12",2,14,75,0.0478497482376636
"MT","12",2,14,75,0.0478497482376636
"MT","12",2,13,98,0.0775172205438067
"MT","12",2,12,98.3,0.0784839879154079
"MT","12",2,11,98.4,0.0787289023162135
"MT","12",2,10,100.5,0.07793
"MT","12",2,9,126.4,0.0398959595959596
"MT","12",2,8,150.2,0.0202
"MT","12",2,7,175.6,0.00800909090909091
"MT","12",2,6,175,0.00837272727272727
"MT","12",2,5,175.4,0.00813030303030303
"MT","12",2,4,199.8,0.0046
"MT","12",2,3,250.1,0.002452
"MT","12",2,2,499.9,NA
"MT","12",2,2,499.9,NA
"MT","12",2,1,499.9,NA
"MT","12",2,1,499.9,NA
"MT","13",1,24,6.1,0.22081103170609
"MT","13",1,23,14.6,0.0521850956696878
"MT","13",1,22,14.4,0.0538970795568983
"MT","13",1,21,15.6,0.0529004024144869
"MT","13",1,20,15.9,0.0542633434038268
"MT","13",1,19,15.1,0.0505362173038229
"MT","13",1,19,15.1,0.0505362173038229
"MT","13",1,18,16.3,0.0505976837865055
"MT","13",1,17,15.2,0.0510090543259557
"MT","13",1,16,15.3,0.0514818913480885
"MT","13",1,16,15.3,0.0514818913480885
"MT","13",1,15,14.5,0.053041087613293
"MT","13",1,14,15.7,0.0533732394366197
"MT","13",1,13,15.1,0.0505362173038229
"MT","13",1,13,15.1,0.0505362173038229
"MT","13",1,12,15.3,0.0514818913480885
"MT","13",1,12,15.3,0.0514818913480885
"MT","13",1,11,14.2,0.0556090634441088
"MT","13",1,10,46,0.0400304828973843
"MT","13",1,9,75.3,0.0355562940584089
"MT","13",1,8,101.9,0.0542171717171717
"MT","13",1,7,104.1,0.0562050505050505
"MT","13",1,6,125.1,0.03223
"MT","13",1,5,150.7,0.0190212121212121
"MT","13",1,4,174.4,0.00987299999999999
"MT","13",1,3,201.4,0.006181
"MT","13",1,2,249.3,0.003376
"MT","13",1,1,499.6,NA
"MT","14",1,18,3.9,0.0509400503271263
"MT","14",1,17,14.4,0.04599889224572
"MT","14",1,16,14.1,0.045938469284995
"MT","14",1,16,14.1,0.045938469284995
"MT","14",1,15,14.1,0.045938469284995
"MT","14",1,15,14.1,0.045938469284995
"MT","14",1,14,45.3,0.0547601208459214
"MT","14",1,13,75.9,0.0403225352112676
"MT","14",1,12,100.4,0.035628
"MT","14",1,11,104.8,0.045094
"MT","14",1,11,104.8,0.045094
"MT","14",1,10,105.5,0.0447151515151515
"MT","14",1,9,104.8,0.045094
"MT","14",1,9,104.8,0.045094
"MT","14",1,8,125.4,0.0313252525252525
"MT","14",1,7,149.2,0.0211333333333333
"MT","14",1,6,175.1,0.0120191919191919
"MT","14",1,5,174.9,0.0118777777777778
"MT","14",1,4,200,0.00697878787878788
"MT","14",1,3,250.1,0.005112
"MT","14",1,2,500.5,NA
"MT","14",1,1,500.7,NA
"MC","15",3,24,15.5,0.0376211267605634
"MC","15",3,24,15.5,0.0376211267605634
"MC","15",3,23,15.7,0.0377619718309859
"MC","15",3,23,15.7,0.0377619718309859
"MC","15",3,22,14.8,0.0372205438066465
"MC","15",3,21,15.7,0.0377619718309859
"MC","15",3,21,15.7,0.0377619718309859
"MC","15",3,20,15.8,0.0378323943661972
"MC","15",3,19,15.5,0.0376211267605634
"MC","15",3,19,15.5,0.0376211267605634
"MC","15",3,18,15.6,0.0376915492957746
"MC","15",3,18,15.6,0.0376915492957746
"MC","15",3,17,15.6,0.0376915492957746
"MC","15",3,17,15.6,0.0376915492957746
"MC","15",3,16,15.3,0.0374802816901408
"MC","15",3,15,75.1,0.0378651560926485
"MC","15",3,14,80.1,0.0382725075528701
"MC","15",3,13,85.5,0.0405223564954683
"MC","15",3,12,90.5,0.0384792547834844
"MC","15",3,11,95.3,0.0363918429003021
"MC","15",3,10,99.9,0.0360152371342079
"MC","15",3,9,105.1,0.036467
"MC","15",3,8,110.5,0.0516
"MC","15",3,7,115.2,0.049272
"MC","15",3,6,120.3,0.047339393939394
"MC","15",3,5,125.3,0.0400272727272727
"MC","15",3,4,130.4,0.0383090909090909
"MC","15",3,3,135.6,0.0292848484848485
"MC","15",3,2,140.4,0.0254818181818181
"MC","15",3,1,145.9,0.02054
"MT","4",2,24,5.2,0.0359362556618017
"MT","4",2,23,16.3,0.0355186304128902
"MT","4",2,22,16,0.0355790533736153
"MT","4",2,21,14.5,0.0371287009063444
"MT","4",2,20,16.1,0.0355589123867069
"MT","4",2,19,43.8,0.0507075528700906
"MT","4",2,18,46.5,0.0515039235412475
"MT","4",2,17,45,0.0515913393756294
"MT","4",2,16,75.9,0.0490549295774648
"MT","4",2,15,75.2,0.049507250755287
"MT","4",2,14,100.8,0.051464
"MT","4",2,13,105.2,0.062976
"MT","4",2,12,106.3,0.0650757575757576
"MT","4",2,11,127.5,0.033819
"MT","4",2,10,151.2,0.0122030303030303
"MT","4",2,9,177.1,0.00646666666666668
"MT","4",2,9,177.1,0.00646666666666668
"MT","4",2,8,175.8,0.0068
"MT","4",2,7,177.1,0.00646666666666668
"MT","4",2,7,177.1,0.00646666666666668
"MT","4",2,6,202.2,0.00363838383838384
"MT","4",2,5,251.9,0.00126060606060606
"MT","4",2,4,252.6,0.00124040404040404
"MT","4",2,3,252.3,0.00121010101010101
"MT","4",2,2,505.8,NA
"MT","4",2,1,504.8,NA
"MT","5",2,24,6.1,0.041613980875692
"MT","5",2,23,15.4,0.0448507042253521
"MT","5",2,22,15.2,0.0447098591549296
"MT","5",2,21,15.8,0.0451323943661972
"MT","5",2,20,45.7,0.0476957746478873
"MT","5",2,19,48.7,0.0461416498993964
"MT","5",2,18,48.1,0.0459256797583082
"MT","5",2,17,74.3,0.0464214501510574
"MT","5",2,16,100.6,0.037472
"MT","5",2,15,115.8,0.0603828282828283
"MT","5",2,15,115.8,0.0603828282828283
"MT","5",2,14,115.8,0.0603828282828283
"MT","5",2,14,115.8,0.0603828282828283
"MT","5",2,13,115.7,0.0604030303030303
"MT","5",2,12,125.1,0.04533
"MT","5",2,11,135.7,0.035950505050505
"MT","5",2,10,135.4,0.0358292929292929
"MT","5",2,9,148.4,0.025742
"MT","5",2,8,175.3,0.0136
"MT","5",2,7,174.8,0.0136
"MT","5",2,6,175.2,0.0136
"MT","5",2,5,200,0.00848080808080808
"MT","5",2,4,251.6,0.00556363636363637
"MT","5",2,3,250.2,0.0052
"MT","5",2,2,250.1,0.0052
"MT","5",2,1,501.1,NA
"MT","6",1,24,5.5,0.0415636436839456
"MT","6",1,23,15.8,0.0385420523138833
"MT","6",1,22,15.2,0.0381798792756539
"MT","6",1,21,14.7,0.0379593152064451
"MT","6",1,20,15.3,0.0382402414486922
"MT","6",1,20,15.3,0.0382402414486922
"MT","6",1,20,15.3,0.0382402414486922
"MT","6",1,19,15.1,0.0381195171026157
"MT","6",1,19,15.1,0.0381195171026157
"MT","6",1,18,15.3,0.0382402414486922
"MT","6",1,18,15.3,0.0382402414486922
"MT","6",1,18,15.3,0.0382402414486922
"MT","6",1,17,14.8,0.0379794561933535
"MT","6",1,16,15.4,0.0383006036217304
"MT","6",1,15,15.1,0.0381195171026157
"MT","6",1,15,15.1,0.0381195171026157
"MT","6",1,14,15.3,0.0382402414486922
"MT","6",1,14,15.3,0.0382402414486922
"MT","6",1,14,15.3,0.0382402414486922
"MT","6",1,13,44.9,0.043598690835851
"MT","6",1,12,74.6,0.0429900302114804
"MT","6",1,11,99.8,0.0352
"MT","6",1,10,125.7,0.0398444444444444
"MT","6",1,10,125.7,0.0398444444444444
"MT","6",1,9,125.7,0.0398444444444444
"MT","6",1,9,125.7,0.0398444444444444
"MT","6",1,8,125.1,0.0399
"MT","6",1,7,149.7,0.0251454545454545
"MT","6",1,6,175.1,0.0101808080808081
"MT","6",1,5,175.9,0.0097
"MT","6",1,4,200.3,0.00712929292929293
"MT","6",1,3,250.4,0.0056
"MT","6",1,2,501.4,NA
"MT","6",1,1,499.2,NA
"MT","7",3,24,5.8,0.0357027075993961
"MT","7",3,23,15.8,0.0350289738430584
"MT","7",3,22,15.2,0.035210060362173
"MT","7",3,21,15.3,0.0351798792756539
"MT","7",3,20,44.5,0.0517616314199396
"MT","7",3,19,52.2,0.0423876132930514
"MT","7",3,19,52.2,0.0423876132930514
"MT","7",3,18,52.2,0.0423876132930514
"MT","7",3,18,52.2,0.0423876132930514
"MT","7",3,17,76.1,0.0388390342052314
"MT","7",3,16,99.7,0.0300502522704339
"MT","7",3,15,124.9,0.0391
"MT","7",3,14,125.7,0.0399222222222222
"MT","7",3,14,125.7,0.0399222222222222
"MT","7",3,13,125.7,0.0399222222222222
"MT","7",3,13,125.7,0.0399222222222222
"MT","7",3,12,125.5,0.0398414141414141
"MT","7",3,11,146.1,0.022549494949495
"MT","7",3,10,145.8,0.02286
"MT","7",3,9,151,0.0187919191919192
"MT","7",3,8,175.2,0.0100070707070707
"MT","7",3,7,175.7,0.010259595959596
"MT","7",3,6,176.4,0.0101121212121212
"MT","7",3,5,200.8,0.007879
"MT","7",3,4,250,0.0057
"MT","7",3,3,250.4,0.00571818181818182
"MT","7",3,2,250.6,0.00573838383838384
"MT","7",3,1,501,NA
"MT","8",2,24,5.1,0.0401799597382989
"MT","8",2,23,14.7,0.0410982880161128
"MT","8",2,22,15.6,0.0417617706237425
"MT","8",2,21,14.9,0.0411989929506546
"MT","8",2,20,15.3,0.0415203219315895
"MT","8",2,19,15.2,0.0414398390342052
"MT","8",2,18,14.6,0.0410479355488419
"MT","8",2,17,15.7,0.0418422535211268
"MT","8",2,17,15.7,0.0418422535211268
"MT","8",2,16,15.7,0.0418422535211268
"MT","8",2,16,15.7,0.0418422535211268
"MT","8",2,15,15.1,0.0413593561368209
"MT","8",2,14,15.5,0.0416812877263582
"MT","8",2,13,45.4,0.049741087613293
"MT","8",2,12,75,0.0411974823766365
"MT","8",2,11,100.4,0.03264
"MT","8",2,10,110.6,0.040075
"MT","8",2,9,110.3,0.039925
"MT","8",2,8,124.6,0.03175
"MT","8",2,7,150,0.0160878787878788
"MT","8",2,6,176.2,0.0106878787878788
"MT","8",2,5,176.7,0.0104353535353535
"MT","8",2,4,200.2,0.0079030303030303
"MT","8",2,3,250.3,0.00530808080808081
"MT","8",2,2,499.7,NA
"MT","8",2,1,500.3,NA
"MT","9",3,24,5.7,0.0445525616507297
"MT","9",3,23,15.5,0.0452812877263582
"MT","9",3,22,15.4,0.0452008048289738
"MT","9",3,21,15.6,0.0453617706237425
"MT","9",3,20,44.3,0.0532695871097684
"MT","9",3,19,48.5,0.051121752265861
"MT","9",3,19,48.5,0.051121752265861
"MT","9",3,18,48.5,0.051121752265861
"MT","9",3,18,48.5,0.051121752265861
"MT","9",3,17,75.9,0.0417366197183099
"MT","9",3,16,100.6,0.04344
"MT","9",3,15,111.8,0.0472
"MT","9",3,14,110.6,0.047265
"MT","9",3,13,111.1,0.047215
"MT","9",3,12,124.6,0.03044
"MT","9",3,11,131.4,0.02049
"MT","9",3,10,130.2,0.0222454545454546
"MT","9",3,9,150.8,0.0125454545454545
"MT","9",3,8,175.1,0.00840606060606061
"MT","9",3,7,175.3,0.00834545454545454
"MT","9",3,6,175.4,0.00831515151515151
"MT","9",3,5,199.4,0.00707979797979798
"MT","9",3,4,251.7,0.00355252525252526
"MT","9",3,3,251.4,0.0037040404040404
"MT","9",3,3,251.4,0.0037040404040404
"MT","9",3,2,251.4,0.0037040404040404
"MT","9",3,2,251.4,0.0037040404040404
"MT","9",3,1,500.7,NA
"MC","L1",1,24,20.4,0.0387337361530715
"MC","L1",1,24,20.4,0.0387337361530715
"MC","L1",1,23,19.9,0.0382302114803625
"MC","L1",1,22,20.4,0.0387337361530715
"MC","L1",1,22,20.4,0.0387337361530715
"MC","L1",1,21,40.5,0.0428605633802817
"MC","L1",1,20,40.2,0.042679476861167
"MC","L1",1,19,40.6,0.0429209255533199
"MC","L1",1,18,60,0.0496398791540786
"MC","L1",1,17,60.4,0.0498815709969789
"MC","L1",1,16,60.2,0.0497607250755287
"MC","L1",1,15,80.2,0.0532141993957704
"MC","L1",1,14,80.1,0.0533350453172205
"MC","L1",1,13,79.4,0.0540257804632427
"MC","L1",1,12,99.4,0.0511931382441978
"MC","L1",1,11,98.9,0.0511432024169184
"MC","L1",1,10,99.1,0.0511230614300101
"MC","L1",1,9,120.1,0.0560262626262627
"MC","L1",1,8,119.7,0.0571575757575758
"MC","L1",1,7,120.2,0.0557575757575758
"MC","L1",1,6,139.9,0.0277707070707071
"MC","L1",1,6,139.9,0.0277707070707071
"MC","L1",1,5,139.9,0.0277707070707071
"MC","L1",1,5,139.9,0.0277707070707071
"MC","L1",1,4,160.3,0.0119383838383838
"MC","L1",1,3,161,0.0115888888888889
"MC","L1",1,2,180.8,0.005764
"MC","L1",1,1,179.9,0.00622424242424242
"MC","L1",2,24,25.4,0.0383299093655589
"MC","L1",2,24,25.4,0.0383299093655589
"MC","L1",2,23,25.6,0.0382694864048338
"MC","L1",2,23,25.6,0.0382694864048338
"MC","L1",2,22,25.5,0.0382996978851964
"MC","L1",2,21,25.6,0.0382694864048338
"MC","L1",2,21,25.6,0.0382694864048338
"MC","L1",2,20,25.2,0.038390332326284
"MC","L1",2,20,25.2,0.038390332326284
"MC","L1",2,20,25.2,0.038390332326284
"MC","L1",2,19,25.3,0.0383601208459214
"MC","L1",2,18,24.7,0.0384310865191147
"MC","L1",2,17,24.9,0.0384809667673716
"MC","L1",2,16,25.2,0.038390332326284
"MC","L1",2,16,25.2,0.038390332326284
"MC","L1",2,16,25.2,0.038390332326284
"MC","L1",2,15,25.1,0.0384205438066465
"MC","L1",2,14,25.4,0.0383299093655589
"MC","L1",2,14,25.4,0.0383299093655589
"MC","L1",2,13,25.2,0.038390332326284
"MC","L1",2,13,25.2,0.038390332326284
"MC","L1",2,13,25.2,0.038390332326284
"MC","L1",2,12,100.2,0.0641945509586277
"MC","L1",2,12,100.2,0.0641945509586277
"MC","L1",2,12,100.2,0.0641945509586277
"MC","L1",2,12,100.2,0.0641945509586277
"MC","L1",2,11,100.4,0.064576
"MC","L1",2,11,100.4,0.064576
"MC","L1",2,10,100.2,0.0641945509586277
"MC","L1",2,10,100.2,0.0641945509586277
"MC","L1",2,10,100.2,0.0641945509586277
"MC","L1",2,10,100.2,0.0641945509586277
"MC","L1",2,9,100.1,0.0636900100908174
"MC","L1",2,9,100.1,0.0636900100908174
"MC","L1",2,9,100.1,0.0636900100908174
"MC","L1",2,8,100.1,0.0636900100908174
"MC","L1",2,8,100.1,0.0636900100908174
"MC","L1",2,8,100.1,0.0636900100908174
"MC","L1",2,7,100.4,0.064576
"MC","L1",2,7,100.4,0.064576
"MC","L1",2,6,100.1,0.0636900100908174
"MC","L1",2,6,100.1,0.0636900100908174
"MC","L1",2,6,100.1,0.0636900100908174
"MC","L1",2,5,100.6,0.064016
"MC","L1",2,4,100.2,0.0641945509586277
"MC","L1",2,4,100.2,0.0641945509586277
"MC","L1",2,4,100.2,0.0641945509586277
"MC","L1",2,4,100.2,0.0641945509586277
"MC","L1",2,3,100.8,0.063456
"MC","L1",2,2,100.3,0.064699091826438
"MC","L1",2,1,100.2,0.0641945509586277
"MC","L1",2,1,100.2,0.0641945509586277
"MC","L1",2,1,100.2,0.0641945509586277
"MC","L1",2,1,100.2,0.0641945509586277
"MC","L1",3,23,5.2,0.0338403522898842
"MC","L1",3,22,4.8,0.0336831303472572
"MC","L1",3,22,4.8,0.0336831303472572
"MC","L1",3,21,4.8,0.0336831303472572
"MC","L1",3,21,4.8,0.0336831303472572
"MC","L1",3,20,25.2,0.036009667673716
"MC","L1",3,19,25.4,0.0360700906344411
"MC","L1",3,18,25.6,0.0361305135951662
"MC","L1",3,17,44.7,0.0415971802618328
"MC","L1",3,16,44.4,0.0413856998992951
"MC","L1",3,15,45.2,0.0424491440080564
"MC","L1",3,14,75.2,0.0462519637462236
"MC","L1",3,13,74.7,0.0460002014098691
"MC","L1",3,12,74.5,0.0458996978851964
"MC","L1",3,11,99.9,0.0531590312815338
"MC","L1",3,11,99.9,0.0531590312815338
"MC","L1",3,10,100,0.0535021190716448
"MC","L1",3,9,99.9,0.0531590312815338
"MC","L1",3,9,99.9,0.0531590312815338
"MC","L1",3,8,107.5,0.060147
"MC","L1",3,8,107.5,0.060147
"MC","L1",3,7,106.9,0.0606989898989899
"MC","L1",3,6,107.5,0.060147
"MC","L1",3,6,107.5,0.060147
"MC","L1",3,5,125,0.03339
"MC","L1",3,4,125.1,0.03333
"MC","L1",3,3,125.2,0.033289898989899
"MC","L1",3,2,151,0.0177191919191919
"MC","L1",3,1,174.7,0.008236
"MC","L1",4,15,14.8,0.0298438066465257
"MC","L1",4,15,14.8,0.0298438066465257
"MC","L1",4,15,14.8,0.0298438066465257
"MC","L1",4,14,14.8,0.0298438066465257
"MC","L1",4,14,14.8,0.0298438066465257
"MC","L1",4,14,14.8,0.0298438066465257
"MC","L1",4,13,14.9,0.0297028197381672
"MC","L1",4,12,14.8,0.0298438066465257
"MC","L1",4,12,14.8,0.0298438066465257
"MC","L1",4,12,14.8,0.0298438066465257
"MC","L1",4,11,14.4,0.0304077542799597
"MC","L1",4,10,14.1,0.0308307150050352
"MC","L1",4,9,14.2,0.0306897280966767
"MC","L1",4,8,15,0.0298183098591549
"MC","L1",4,7,101.1,0.066768
"MC","L1",4,7,101.1,0.066768
"MC","L1",4,6,101.1,0.066768
"MC","L1",4,6,101.1,0.066768
"MC","L1",4,5,101.3,0.066888
"MC","L1",4,5,101.3,0.066888
"MC","L1",4,4,102,0.0673808080808081
"MC","L1",4,3,101.6,0.0670979797979798
"MC","L1",4,3,101.6,0.0670979797979798
"MC","L1",4,2,101.6,0.0670979797979798
"MC","L1",4,2,101.6,0.0670979797979798
"MC","L1",4,1,101.3,0.066888
"MC","L1",4,1,101.3,0.066888
"MC","L1",5,12,14.9,0.0296020140986908
"MC","L1",5,12,14.9,0.0296020140986908
"MC","L1",5,11,14.2,0.0303069486404834
"MC","L1",5,10,14.7,0.0298034239677744
"MC","L1",5,10,14.7,0.0298034239677744
"MC","L1",5,9,15.1,0.0296597585513078
"MC","L1",5,8,14.7,0.0298034239677744
"MC","L1",5,8,14.7,0.0298034239677744
"MC","L1",5,7,14.9,0.0296020140986908
"MC","L1",5,7,14.9,0.0296020140986908
"MC","L1",5,6,700.1,NA
"MC","L1",5,5,699.4,NA
"MC","L1",5,5,699.4,NA
"MC","L1",5,4,699.4,NA
"MC","L1",5,4,699.4,NA
"MC","L1",5,3,699.7,NA
"MC","L1",5,2,699.5,NA
"MC","L1",5,2,699.5,NA
"MC","L1",5,1,699.5,NA
"MC","L1",5,1,699.5,NA
"MC","L1",6,23,5.7,0.0338679315551082
"MC","L1",6,22,14.5,0.032802416918429
"MC","L1",6,21,15,0.0327676056338028
"MC","L1",6,20,14.6,0.0327520644511581
"MC","L1",6,19,15.2,0.0331096579476861
"MC","L1",6,18,15.4,0.0334517102615694
"MC","L1",6,17,14.8,0.0326513595166163
"MC","L1",6,16,44.6,0.0358219536757301
"MC","L1",6,15,75.2,0.0435262839879154
"MC","L1",6,14,100.2,0.0503394550958628
"MC","L1",6,13,109.4,0.0676030303030303
"MC","L1",6,13,109.4,0.0676030303030303
"MC","L1",6,13,109.4,0.0676030303030303
"MC","L1",6,12,109.4,0.0676030303030303
"MC","L1",6,12,109.4,0.0676030303030303
"MC","L1",6,12,109.4,0.0676030303030303
"MC","L1",6,11,109.2,0.0678090909090909
"MC","L1",6,10,109,0.0675060606060606
"MC","L1",6,9,109.4,0.0676030303030303
"MC","L1",6,9,109.4,0.0676030303030303
"MC","L1",6,9,109.4,0.0676030303030303
"MC","L1",6,8,108.6,0.0669
"MC","L1",6,7,108.4,0.0665969696969697
"MC","L1",6,6,109.3,0.0678151515151515
"MC","L1",6,5,124.2,0.047805
"MC","L1",6,4,150.1,0.0194606060606061
"MC","L1",6,3,175.5,0.0096979797979798
"MC","L1",6,2,250,0.0022
"MC","L1",6,1,400.5,NA
"MC","L1",9,23,5.5,0.037503351786613
"MC","L1",9,22,15.1,0.0377
"MC","L1",9,22,15.1,0.0377
"MC","L1",9,21,15.4,0.0377
"MC","L1",9,20,15,0.0377
"MC","L1",9,20,15,0.0377
"MC","L1",9,19,15.2,0.0377
"MC","L1",9,18,14.6,0.038338670694864
"MC","L1",9,18,14.6,0.038338670694864
"MC","L1",9,17,14.8,0.0379157099697885
"MC","L1",9,17,14.8,0.0379157099697885
"MC","L1",9,17,14.8,0.0379157099697885
"MC","L1",9,17,14.8,0.0379157099697885
"MC","L1",9,16,14.8,0.0379157099697885
"MC","L1",9,16,14.8,0.0379157099697885
"MC","L1",9,16,14.8,0.0379157099697885
"MC","L1",9,16,14.8,0.0379157099697885
"MC","L1",9,15,14.4,0.0387616314199396
"MC","L1",9,15,14.4,0.0387616314199396
"MC","L1",9,15,14.4,0.0387616314199396
"MC","L1",9,14,14.6,0.038338670694864
"MC","L1",9,14,14.6,0.038338670694864
"MC","L1",9,13,15,0.0377
"MC","L1",9,13,15,0.0377
"MC","L1",9,12,14.8,0.0379157099697885
"MC","L1",9,12,14.8,0.0379157099697885
"MC","L1",9,12,14.8,0.0379157099697885
"MC","L1",9,12,14.8,0.0379157099697885
"MC","L1",9,11,14.4,0.0387616314199396
"MC","L1",9,11,14.4,0.0387616314199396
"MC","L1",9,11,14.4,0.0387616314199396
"MC","L1",9,10,14.4,0.0387616314199396
"MC","L1",9,10,14.4,0.0387616314199396
"MC","L1",9,10,14.4,0.0387616314199396
"MC","L1",9,9,15.1,0.0377
"MC","L1",9,9,15.1,0.0377
"MC","L1",9,8,14.8,0.0379157099697885
"MC","L1",9,8,14.8,0.0379157099697885
"MC","L1",9,8,14.8,0.0379157099697885
"MC","L1",9,8,14.8,0.0379157099697885
"MC","L1",9,7,101.1,0.056304
"MC","L1",9,6,102.4,0.0541363636363636
"MC","L1",9,5,101.8,0.054969696969697
"MC","L1",9,4,102,0.0547070707070707
"MC","L1",9,3,101.5,0.0553636363636364
"MC","L1",9,2,101.4,0.0554949494949495
"MC","L1",9,1,102.2,0.0544444444444444
"MC","L1",10,23,15.3,0.0391792756539235
"MC","L1",10,23,15.3,0.0391792756539235
"MC","L1",10,22,14.9,0.0398967774420947
"MC","L1",10,22,14.9,0.0398967774420947
"MC","L1",10,22,14.9,0.0398967774420947
"MC","L1",10,21,14.8,0.0397356495468278
"MC","L1",10,21,14.8,0.0397356495468278
"MC","L1",10,20,14.9,0.0398967774420947
"MC","L1",10,20,14.9,0.0398967774420947
"MC","L1",10,20,14.9,0.0398967774420947
"MC","L1",10,19,15.4,0.0389981891348089
"MC","L1",10,18,14.9,0.0398967774420947
"MC","L1",10,18,14.9,0.0398967774420947
"MC","L1",10,18,14.9,0.0398967774420947
"MC","L1",10,17,15.2,0.0393603621730382
"MC","L1",10,17,15.2,0.0393603621730382
"MC","L1",10,16,15.3,0.0391792756539235
"MC","L1",10,16,15.3,0.0391792756539235
"MC","L1",10,15,15.2,0.0393603621730382
"MC","L1",10,15,15.2,0.0393603621730382
"MC","L1",10,14,14.6,0.0394133937562941
"MC","L1",10,14,14.6,0.0394133937562941
"MC","L1",10,13,14.8,0.0397356495468278
"MC","L1",10,13,14.8,0.0397356495468278
"MC","L1",10,12,14.4,0.0390911379657603
"MC","L1",10,11,15.1,0.0395414486921529
"MC","L1",10,10,15,0.0397225352112676
"MC","L1",10,9,14.6,0.0394133937562941
"MC","L1",10,9,14.6,0.0394133937562941
"MC","L1",10,8,14.3,0.0389300100704935
"MC","L1",10,7,106,0.0585606060606061
"MC","L1",10,6,106.3,0.0588555555555556
"MC","L1",10,5,105.8,0.0583181818181818
"MC","L1",10,5,105.8,0.0583181818181818
"MC","L1",10,4,106.5,0.0584111111111111
"MC","L1",10,3,105.5,0.0579545454545454
"MC","L1",10,2,105.3,0.0577121212121212
"MC","L1",10,1,105.8,0.0583181818181818
"MC","L1",10,1,105.8,0.0583181818181818
"MC","L1",11,24,15.7,0.0342802816901408
"MC","L1",11,23,15.4,0.0342501006036217
"MC","L1",11,23,15.4,0.0342501006036217
"MC","L1",11,22,15.3,0.0342400402414487
"MC","L1",11,22,15.3,0.0342400402414487
"MC","L1",11,21,15.4,0.0342501006036217
"MC","L1",11,21,15.4,0.0342501006036217
"MC","L1",11,20,15.6,0.0342702213279678
"MC","L1",11,19,15.3,0.0342400402414487
"MC","L1",11,19,15.3,0.0342400402414487
"MC","L1",11,18,15,0.0342098591549296
"MC","L1",11,17,57.9,0.0438129909365559
"MC","L1",11,16,57.5,0.0433470824949698
"MC","L1",11,15,93.9,0.0582654582074522
"MC","L1",11,15,93.9,0.0582654582074522
"MC","L1",11,14,93.1,0.0558900302114804
"MC","L1",11,13,92.9,0.0549232628398792
"MC","L1",11,12,93.4,0.0572584088620343
"MC","L1",11,11,93.3,0.0568567975830816
"MC","L1",11,10,93.9,0.0582654582074522
"MC","L1",11,10,93.9,0.0582654582074522
"MC","L1",11,9,93.5,0.0574598187311178
"MC","L1",11,8,98.1,0.0644712990936556
"MC","L1",11,7,98,0.0645015105740181
"MC","L1",11,6,118.7,0.0336929292929293
"MC","L1",11,5,118.3,0.0342585858585859
"MC","L1",11,4,175.6,0.0075
"MC","L1",11,3,175.7,0.0075
"MC","L1",11,2,250.3,0.00209191919191919
"MC","L1",11,1,250.6,0.00206161616161616
"MC","L1",13,22,15.4,0.0325987927565392
"MC","L1",13,21,15.2,0.0328402414486922
"MC","L1",13,21,15.2,0.0328402414486922
"MC","L1",13,21,15.2,0.0328402414486922
"MC","L1",13,20,15.8,0.0321158953722334
"MC","L1",13,19,14.9,0.0331989929506546
"MC","L1",13,19,14.9,0.0331989929506546
"MC","L1",13,18,15.2,0.0328402414486922
"MC","L1",13,18,15.2,0.0328402414486922
"MC","L1",13,18,15.2,0.0328402414486922
"MC","L1",13,17,15.1,0.0329609657947686
"MC","L1",13,16,14.9,0.0331989929506546
"MC","L1",13,16,14.9,0.0331989929506546
"MC","L1",13,15,15.2,0.0328402414486922
"MC","L1",13,15,15.2,0.0328402414486922
"MC","L1",13,15,15.2,0.0328402414486922
"MC","L1",13,14,111,0.04475
"MC","L1",13,13,110.8,0.04471
"MC","L1",13,13,110.8,0.04471
"MC","L1",13,12,110.2,0.0448020202020202
"MC","L1",13,11,110.5,0.04465
"MC","L1",13,11,110.5,0.04465
"MC","L1",13,10,110.8,0.04471
"MC","L1",13,10,110.8,0.04471
"MC","L1",13,9,110.5,0.04465
"MC","L1",13,9,110.5,0.04465
"MC","L1",13,8,110.6,0.04467
"MC","L1",13,7,110,0.045610101010101
"MC","L1",13,6,134.2,0.0258
"MC","L1",13,5,148.8,0.016864
"MC","L1",13,4,174.9,0.00717777777777778
"MC","L1",13,3,200,0.00469595959595959
"MC","L1",13,2,225.3,0.00325600000000001
"MC","L1",13,1,301,0.000963636363636363
"MC","L1",14,23,4,0.0316739305485657
"MC","L1",14,22,5.3,0.0309342023150478
"MC","L1",14,21,4.9,0.0307680422747861
"MC","L1",14,20,25.3,0.0313
"MC","L1",14,19,25.4,0.0313
"MC","L1",14,18,25.8,0.0313
"MC","L1",14,17,45,0.0334317220543807
"MC","L1",14,16,45.7,0.0328096579476861
"MC","L1",14,16,45.7,0.0328096579476861
"MC","L1",14,15,45.7,0.0328096579476861
"MC","L1",14,15,45.7,0.0328096579476861
"MC","L1",14,14,74.8,0.0421914400805639
"MC","L1",14,13,74.7,0.0420605236656596
"MC","L1",14,13,74.7,0.0420605236656596
"MC","L1",14,12,74.7,0.0420605236656596
"MC","L1",14,12,74.7,0.0420605236656596
"MC","L1",14,11,100.4,0.043744
"MC","L1",14,10,100.2,0.0437636730575177
"MC","L1",14,9,100,0.0437031281533804
"MC","L1",14,8,107.7,0.044356
"MC","L1",14,7,108.3,0.0438939393939394
"MC","L1",14,6,108.5,0.0438535353535354
"MC","L1",14,5,125,0.027165
"MC","L1",14,4,124.7,0.027495
"MC","L1",14,3,124.4,0.027825
"MC","L1",14,2,150.1,0.0165343434343434
"MC","L1",14,1,175.2,0.00804848484848484
"MC","L1",15,14,15.6,0.0303022132796781
"MC","L1",15,13,14.9,0.0296004028197382
"MC","L1",15,12,15.2,0.0298997987927565
"MC","L1",15,12,15.2,0.0298997987927565
"MC","L1",15,11,14.4,0.02970110775428
"MC","L1",15,10,15.2,0.0298997987927565
"MC","L1",15,10,15.2,0.0298997987927565
"MC","L1",15,9,15.1,0.0297991951710262
"MC","L1",15,9,15.1,0.0297991951710262
"MC","L1",15,8,15.1,0.0297991951710262
"MC","L1",15,8,15.1,0.0297991951710262
"MC","L1",15,7,102.7,0.0529878787878788
"MC","L1",15,6,102.5,0.0525838383838384
"MC","L1",15,5,103.2,0.0539979797979798
"MC","L1",15,4,103.1,0.0537959595959596
"MC","L1",15,3,103,0.0535939393939394
"MC","L1",15,2,102.6,0.0527858585858586
"MC","L1",15,1,102.2,0.0522222222222222
"MC","L1",16,17,14.7,0.0303982880161128
"MC","L1",16,16,15,0.0308450704225352
"MC","L1",16,15,15.6,0.0329577464788732
"MC","L1",16,14,15.4,0.0322535211267606
"MC","L1",16,13,15.7,0.0333098591549296
"MC","L1",16,13,15.7,0.0333098591549296
"MC","L1",16,12,15.7,0.0333098591549296
"MC","L1",16,12,15.7,0.0333098591549296
"MC","L1",16,11,15.1,0.0311971830985915
"MC","L1",16,11,15.1,0.0311971830985915
"MC","L1",16,10,15.9,0.033995166163142
"MC","L1",16,9,15.1,0.0311971830985915
"MC","L1",16,9,15.1,0.0311971830985915
"MC","L1",16,8,117.2,0.0565
"MC","L1",16,7,116.8,0.0560555555555556
"MC","L1",16,6,117,0.0562777777777778
"MC","L1",16,5,116.3,0.0555
"MC","L1",16,4,116,0.0552727272727273
"MC","L1",16,4,116,0.0552727272727273
"MC","L1",16,3,116,0.0552727272727273
"MC","L1",16,3,116,0.0552727272727273
"MC","L1",16,2,116.5,0.0557222222222222
"MC","L1",16,1,115.9,0.0552121212121212
"MC","L1",17,24,14.9,0.0516104733131923
"MC","L1",17,23,15.3,0.0451935613682092
"MC","L1",17,23,15.3,0.0451935613682092
"MC","L1",17,23,15.3,0.0451935613682092
"MC","L1",17,23,15.3,0.0451935613682092
"MC","L1",17,23,15.3,0.0451935613682092
"MC","L1",17,22,15.3,0.0451935613682092
"MC","L1",17,22,15.3,0.0451935613682092
"MC","L1",17,22,15.3,0.0451935613682092
"MC","L1",17,22,15.3,0.0451935613682092
"MC","L1",17,22,15.3,0.0451935613682092
"MC","L1",17,21,14.7,0.052657804632427
"MC","L1",17,21,14.7,0.052657804632427
"MC","L1",17,20,14.5,0.0537051359516616
"MC","L1",17,19,15.3,0.0451935613682092
"MC","L1",17,19,15.3,0.0451935613682092
"MC","L1",17,19,15.3,0.0451935613682092
"MC","L1",17,19,15.3,0.0451935613682092
"MC","L1",17,19,15.3,0.0451935613682092
"MC","L1",17,18,15,0.0500225352112676
"MC","L1",17,18,15,0.0500225352112676
"MC","L1",17,17,14.7,0.052657804632427
"MC","L1",17,17,14.7,0.052657804632427
"MC","L1",17,16,15,0.0500225352112676
"MC","L1",17,16,15,0.0500225352112676
"MC","L1",17,15,14.6,0.0531814702920443
"MC","L1",17,14,14.1,0.0557997985901309
"MC","L1",17,13,15.3,0.0451935613682092
"MC","L1",17,13,15.3,0.0451935613682092
"MC","L1",17,13,15.3,0.0451935613682092
"MC","L1",17,13,15.3,0.0451935613682092
"MC","L1",17,13,15.3,0.0451935613682092
"MC","L1",17,12,15.5,0.041974245472837
"MC","L1",17,11,15.3,0.0451935613682092
"MC","L1",17,11,15.3,0.0451935613682092
"MC","L1",17,11,15.3,0.0451935613682092
"MC","L1",17,11,15.3,0.0451935613682092
"MC","L1",17,11,15.3,0.0451935613682092
"MC","L1",17,10,14.2,0.0552761329305136
"MC","L1",17,9,14.8,0.0521341389728097
"MC","L1",17,8,101.5,0.0520636363636364
"MC","L1",17,7,102.2,0.0527
"MC","L1",17,7,102.2,0.0527
"MC","L1",17,6,102.2,0.0527
"MC","L1",17,6,102.2,0.0527
"MC","L1",17,5,102.7,0.0529575757575758
"MC","L1",17,4,102.3,0.0527909090909091
"MC","L1",17,4,102.3,0.0527909090909091
"MC","L1",17,3,101.6,0.0521545454545455
"MC","L1",17,3,101.6,0.0521545454545455
"MC","L1",17,2,102.3,0.0527909090909091
"MC","L1",17,2,102.3,0.0527909090909091
"MC","L1",17,1,101.6,0.0521545454545455
"MC","L1",17,1,101.6,0.0521545454545455
"MC","L1",18,22,5.4,0.0363647710115752
"MC","L1",18,21,15,0.0395098591549296
"MC","L1",18,20,15.4,0.0395501006036217
"MC","L1",18,19,15.1,0.0395199195171026
"MC","L1",18,18,14.9,0.039504833836858
"MC","L1",18,17,15.7,0.0395802816901408
"MC","L1",18,16,15.2,0.0395299798792757
"MC","L1",18,15,15.8,0.0395903420523139
"MC","L1",18,14,45.6,0.0428586102719033
"MC","L1",18,13,75.1,0.0498967774420947
"MC","L1",18,12,112.6,0.0476545454545455
"MC","L1",18,11,112.5,0.0476949494949495
"MC","L1",18,10,111.9,0.0479717171717172
"MC","L1",18,9,113,0.0474929292929293
"MC","L1",18,9,113,0.0474929292929293
"MC","L1",18,8,111.2,0.04826
"MC","L1",18,7,113,0.0474929292929293
"MC","L1",18,7,113,0.0474929292929293
"MC","L1",18,6,112.7,0.0476141414141414
"MC","L1",18,5,125.2,0.0326717171717172
"MC","L1",18,4,150.1,0.0201767676767677
"MC","L1",18,3,175.5,0.00844343434343434
"MC","L1",18,2,300.7,0.0011
"MC","L1",18,1,700.8,NA
"MC","L1",19,24,16.6,0.0342313192346425
"MC","L1",19,23,15.6,0.0361426559356137
"MC","L1",19,22,16,0.0361648539778449
"MC","L1",19,22,16,0.0361648539778449
"MC","L1",19,21,15.8,0.0363841046277666
"MC","L1",19,20,16,0.0361648539778449
"MC","L1",19,20,16,0.0361648539778449
"MC","L1",19,19,15.1,0.0355390342052314
"MC","L1",19,19,15.1,0.0355390342052314
"MC","L1",19,18,15.1,0.0355390342052314
"MC","L1",19,18,15.1,0.0355390342052314
"MC","L1",19,17,60.6,0.0433983903420523
"MC","L1",19,16,60.3,0.0434596173212487
"MC","L1",19,15,102.6,0.0499777777777778
"MC","L1",19,14,102.5,0.0500888888888889
"MC","L1",19,13,107.8,0.04727
"MC","L1",19,12,107.3,0.04777
"MC","L1",19,12,107.3,0.04777
"MC","L1",19,12,107.3,0.04777
"MC","L1",19,11,107.9,0.04717
"MC","L1",19,10,107.3,0.04777
"MC","L1",19,10,107.3,0.04777
"MC","L1",19,10,107.3,0.04777
"MC","L1",19,9,107.1,0.0477141414141414
"MC","L1",19,8,107.3,0.04777
"MC","L1",19,8,107.3,0.04777
"MC","L1",19,8,107.3,0.04777
"MC","L1",19,7,107.7,0.04737
"MC","L1",19,6,122.4,0.0338050505050505
"MC","L1",19,5,122,0.034149
"MC","L1",19,4,175.9,0.0063
"MC","L1",19,4,175.9,0.0063
"MC","L1",19,3,175.9,0.0063
"MC","L1",19,3,175.9,0.0063
"MC","L1",19,2,250.9,0.0018
"MC","L1",19,1,250,0.0018
"MC","L1",20,24,4.8,0.0333447005535984
"MC","L1",20,24,4.8,0.0333447005535984
"MC","L1",20,23,5.1,0.0325465928535481
"MC","L1",20,22,4.8,0.0333447005535984
"MC","L1",20,22,4.8,0.0333447005535984
"MC","L1",20,21,25.2,0.0354441087613293
"MC","L1",20,20,25.3,0.0353736153071501
"MC","L1",20,19,24.8,0.0357148893360161
"MC","L1",20,18,25.1,0.0355146022155086
"MC","L1",20,17,26.3,0.0355201207243461
"MC","L1",20,16,25.9,0.0350774647887324
"MC","L1",20,15,44.3,0.0393034239677744
"MC","L1",20,14,45.7,0.039598490945674
"MC","L1",20,13,45.5,0.0395008056394763
"MC","L1",20,12,44.7,0.0391020140986908
"MC","L1",20,12,44.7,0.0391020140986908
"MC","L1",20,11,44,0.0394544813695871
"MC","L1",20,10,44.7,0.0391020140986908
"MC","L1",20,10,44.7,0.0391020140986908
"MC","L1",20,9,75.3,0.04434833836858
"MC","L1",20,8,75.1,0.0439858006042296
"MC","L1",20,7,75,0.0438045317220544
"MC","L1",20,6,100,0.048273965691221
"MC","L1",20,5,100.6,0.0485
"MC","L1",20,5,100.6,0.0485
"MC","L1",20,4,100.6,0.0485
"MC","L1",20,4,100.6,0.0485
"MC","L1",20,3,124.7,0.037085
"MC","L1",20,2,124.6,0.037415
"MC","L1",20,1,124.5,0.037745
"MC","L1",22,16,14.5,0.0319356495468278
"MC","L1",22,15,14.9,0.0322981873111782
"MC","L1",22,14,15.5,0.0319390342052314
"MC","L1",22,13,15.4,0.0319993963782696
"MC","L1",22,13,15.4,0.0319993963782696
"MC","L1",22,12,15.1,0.0321804828973843
"MC","L1",22,11,15.4,0.0319993963782696
"MC","L1",22,11,15.4,0.0319993963782696
"MC","L1",22,10,15.3,0.0320597585513078
"MC","L1",22,9,14.6,0.0320262839879154
"MC","L1",22,8,106.6,0.0482969696969697
"MC","L1",22,8,106.6,0.0482969696969697
"MC","L1",22,7,106.6,0.0482969696969697
"MC","L1",22,7,106.6,0.0482969696969697
"MC","L1",22,6,106.5,0.0482666666666667
"MC","L1",22,5,107.3,0.048563
"MC","L1",22,4,107.1,0.0484484848484849
"MC","L1",22,4,107.1,0.0484484848484849
"MC","L1",22,3,107.1,0.0484484848484849
"MC","L1",22,3,107.1,0.0484484848484849
"MC","L1",22,2,107.2,0.0484787878787879
"MC","L1",22,1,106.8,0.0483575757575758
"MC","L1",23,24,5.4,0.0298740915953699
"MC","L1",23,23,15.5,0.0294991951710262
"MC","L1",23,22,15.4,0.0295494969818913
"MC","L1",23,21,16.2,0.0292693856998993
"MC","L1",23,20,16.1,0.0292794561933535
"MC","L1",23,19,15.3,0.0295997987927565
"MC","L1",23,18,15.1,0.0297004024144869
"MC","L1",23,17,15.6,0.029448893360161
"MC","L1",23,17,15.6,0.029448893360161
"MC","L1",23,16,15.6,0.029448893360161
"MC","L1",23,16,15.6,0.029448893360161
"MC","L1",23,15,44.7,0.0334040281973817
"MC","L1",23,14,74.8,0.038720443101712
"MC","L1",23,13,101.7,0.0432151515151515
"MC","L1",23,13,101.7,0.0432151515151515
"MC","L1",23,12,100.8,0.042632
"MC","L1",23,11,101.1,0.042902
"MC","L1",23,11,101.1,0.042902
"MC","L1",23,11,101.1,0.042902
"MC","L1",23,10,101.1,0.042902
"MC","L1",23,10,101.1,0.042902
"MC","L1",23,10,101.1,0.042902
"MC","L1",23,9,101.6,0.0431848484848485
"MC","L1",23,8,101.7,0.0432151515151515
"MC","L1",23,8,101.7,0.0432151515151515
"MC","L1",23,7,101.1,0.042902
"MC","L1",23,7,101.1,0.042902
"MC","L1",23,7,101.1,0.042902
"MC","L1",23,6,100.7,0.042542
"MC","L1",23,5,124.9,0.0306
"MC","L1",23,4,149.2,0.0175111111111111
"MC","L1",23,3,174.3,0.011043
"MC","L1",23,2,299.8,0.00110899999999999
"MC","L1",23,1,700.4,NA
"MC","L1",25,23,5,0.0513347760442879
"MC","L1",25,22,15.6,0.0341915492957746
"MC","L1",25,21,15,0.033769014084507
"MC","L1",25,20,14.8,0.033658912386707
"MC","L1",25,19,15.1,0.0338394366197183
"MC","L1",25,19,15.1,0.0338394366197183
"MC","L1",25,18,15.1,0.0338394366197183
"MC","L1",25,18,15.1,0.0338394366197183
"MC","L1",25,17,14.7,0.0336186304128902
"MC","L1",25,16,15.2,0.0339098591549296
"MC","L1",25,15,44,0.0368455186304129
"MC","L1",25,14,74.1,0.040961530715005
"MC","L1",25,13,109.8,0.0449636363636364
"MC","L1",25,13,109.8,0.0449636363636364
"MC","L1",25,13,109.8,0.0449636363636364
"MC","L1",25,12,109.8,0.0449636363636364
"MC","L1",25,12,109.8,0.0449636363636364
"MC","L1",25,12,109.8,0.0449636363636364
"MC","L1",25,11,109.8,0.0449636363636364
"MC","L1",25,11,109.8,0.0449636363636364
"MC","L1",25,11,109.8,0.0449636363636364
"MC","L1",25,10,109.7,0.0448222222222222
"MC","L1",25,9,110.1,0.0453878787878788
"MC","L1",25,8,110.3,0.04565
"MC","L1",25,7,109.6,0.0446808080808081
"MC","L1",25,6,110,0.0452464646464646
"MC","L1",25,5,125.6,0.0363
"MC","L1",25,4,150.1,0.0213949494949495
"MC","L1",25,3,175.4,0.00908484848484849
"MC","L1",25,2,250.3,0.00266767676767676
"MC","L1",25,1,400,NA
"MC","L1",26,24,15.4,0.0329498993963783
"MC","L1",26,24,15.4,0.0329498993963783
"MC","L1",26,24,15.4,0.0329498993963783
"MC","L1",26,23,14.8,0.033195166163142
"MC","L1",26,22,15.3,0.0329599597585513
"MC","L1",26,21,15.5,0.0329398390342052
"MC","L1",26,21,15.5,0.0329398390342052
"MC","L1",26,20,15.4,0.0329498993963783
"MC","L1",26,20,15.4,0.0329498993963783
"MC","L1",26,20,15.4,0.0329498993963783
"MC","L1",26,19,15.4,0.0329498993963783
"MC","L1",26,19,15.4,0.0329498993963783
"MC","L1",26,19,15.4,0.0329498993963783
"MC","L1",26,18,16.1,0.0328383685800604
"MC","L1",26,17,15.2,0.0329700201207243
"MC","L1",26,17,15.2,0.0329700201207243
"MC","L1",26,17,15.2,0.0329700201207243
"MC","L1",26,16,15.6,0.0329297786720322
"MC","L1",26,16,15.6,0.0329297786720322
"MC","L1",26,15,15.9,0.0328987915407855
"MC","L1",26,14,15.2,0.0329700201207243
"MC","L1",26,14,15.2,0.0329700201207243
"MC","L1",26,14,15.2,0.0329700201207243
"MC","L1",26,13,14.9,0.0330038267875126
"MC","L1",26,12,15.1,0.0329800804828974
"MC","L1",26,11,15.5,0.0329398390342052
"MC","L1",26,11,15.5,0.0329398390342052
"MC","L1",26,10,15.2,0.0329700201207243
"MC","L1",26,10,15.2,0.0329700201207243
"MC","L1",26,10,15.2,0.0329700201207243
"MC","L1",26,9,15.6,0.0329297786720322
"MC","L1",26,9,15.6,0.0329297786720322
"MC","L1",26,8,109.7,0.0504444444444444
"MC","L1",26,7,108.6,0.052
"MC","L1",26,7,108.6,0.052
"MC","L1",26,6,108.6,0.052
"MC","L1",26,6,108.6,0.052
"MC","L1",26,5,109.8,0.0504545454545455
"MC","L1",26,5,109.8,0.0504545454545455
"MC","L1",26,4,109.4,0.0504141414141414
"MC","L1",26,3,109.3,0.0504040404040404
"MC","L1",26,2,109.8,0.0504545454545455
"MC","L1",26,2,109.8,0.0504545454545455
"MC","L1",26,1,109.5,0.0504242424242424
"MC","L1",28,16,15.3,0.0381808853118712
"MC","L1",28,15,15,0.0375169014084507
"MC","L1",28,15,15,0.0375169014084507
"MC","L1",28,15,15,0.0375169014084507
"MC","L1",28,14,14.6,0.0372391742195368
"MC","L1",28,13,15.4,0.0384022132796781
"MC","L1",28,12,15,0.0375169014084507
"MC","L1",28,12,15,0.0375169014084507
"MC","L1",28,12,15,0.0375169014084507
"MC","L1",28,11,15.2,0.0379595573440644
"MC","L1",28,11,15.2,0.0379595573440644
"MC","L1",28,10,15,0.0375169014084507
"MC","L1",28,10,15,0.0375169014084507
"MC","L1",28,10,15,0.0375169014084507
"MC","L1",28,9,15.2,0.0379595573440644
"MC","L1",28,9,15.2,0.0379595573440644
"MC","L1",28,8,109.1,0.0425747474747475
"MC","L1",28,7,109,0.0427464646464647
"MC","L1",28,6,108.9,0.0429181818181818
"MC","L1",28,5,109.3,0.0422030303030303
"MC","L1",28,5,109.3,0.0422030303030303
"MC","L1",28,4,109.8,0.0409909090909091
"MC","L1",28,3,109.3,0.0422030303030303
"MC","L1",28,3,109.3,0.0422030303030303
"MC","L1",28,2,109.9,0.0407484848484848
"MC","L1",28,1,110,0.0405060606060606
"MC","L1",29,18,14.7,0.0339610271903323
"MC","L1",29,17,15,0.0339788732394366
"MC","L1",29,16,15.7,0.0345422535211268
"MC","L1",29,15,15.1,0.0340593561368209
"MC","L1",29,15,15.1,0.0340593561368209
"MC","L1",29,14,15.1,0.0340593561368209
"MC","L1",29,14,15.1,0.0340593561368209
"MC","L1",29,13,14.8,0.0339308157099698
"MC","L1",29,12,15.3,0.0342203219315895
"MC","L1",29,11,14.9,0.0339006042296073
"MC","L1",29,10,106.5,0.0474555555555556
"MC","L1",29,10,106.5,0.0474555555555556
"MC","L1",29,9,106.2,0.047259595959596
"MC","L1",29,8,105.9,0.0471080808080808
"MC","L1",29,7,106.4,0.0473848484848485
"MC","L1",29,6,106.6,0.0475262626262626
"MC","L1",29,5,106.8,0.0476676767676768
"MC","L1",29,5,106.8,0.0476676767676768
"MC","L1",29,4,106.8,0.0476676767676768
"MC","L1",29,4,106.8,0.0476676767676768
"MC","L1",29,3,106.3,0.0473141414141414
"MC","L1",29,2,106.5,0.0474555555555556
"MC","L1",29,2,106.5,0.0474555555555556
"MC","L1",29,1,107.2,0.0479505050505051
"MC","L1",30,16,15.1,0.0334203219315895
"MC","L1",30,15,15.4,0.0332995975855131
"MC","L1",30,14,15.7,0.0331788732394366
"MC","L1",30,13,15.2,0.0333800804828974
"MC","L1",30,12,16.2,0.033620443101712
"MC","L1",30,11,14.9,0.0335064451158107
"MC","L1",30,10,15.9,0.0331068479355488
"MC","L1",30,9,16,0.0332780463242699
"MC","L1",30,8,110,0.0486282828282828
"MC","L1",30,8,110,0.0486282828282828
"MC","L1",30,8,110,0.0486282828282828
"MC","L1",30,7,109.3,0.0495474747474748
"MC","L1",30,6,108.9,0.0493454545454545
"MC","L1",30,5,110,0.0486282828282828
"MC","L1",30,5,110,0.0486282828282828
"MC","L1",30,5,110,0.0486282828282828
"MC","L1",30,4,109.2,0.0495575757575758
"MC","L1",30,4,109.2,0.0495575757575758
"MC","L1",30,3,109,0.0494161616161616
"MC","L1",30,2,109.2,0.0495575757575758
"MC","L1",30,2,109.2,0.0495575757575758
"MC","L1",30,1,110,0.0486282828282828
"MC","L1",30,1,110,0.0486282828282828
"MC","L1",30,1,110,0.0486282828282828
"MC","L1",32,21,78.3,0.0375649546827795
"MC","L1",32,20,83.4,0.0370160965794769
"MC","L1",32,19,88.2,0.040361329305136
"MC","L1",32,18,88.5,0.0410833836858006
"MC","L1",32,17,88.8,0.0394519637462236
"MC","L1",32,16,88,0.0391528700906344
"MC","L1",32,15,93,0.036687915407855
"MC","L1",32,14,98.4,0.0384902316213495
"MC","L1",32,13,98,0.0384
"MC","L1",32,12,98.8,0.0390541792547835
"MC","L1",32,11,98.9,0.039195166163142
"MC","L1",32,10,103.7,0.0502424242424242
"MC","L1",32,9,108.2,0.054744
"MC","L1",32,8,113.7,0.048840404040404
"MC","L1",32,7,119.2,0.0452979797979798
"MC","L1",32,6,122.9,0.0416363636363636
"MC","L1",32,5,129.1,0.0346444444444445
"MC","L1",32,4,133.3,0.0305757575757576
"MC","L1",32,3,137.7,0.0261121212121212
"MC","L1",32,2,142.9,0.0232484848484848
"MC","L1",32,1,148.1,0.021404
"MC","L1",33,24,73.6,0.0371185297079557
"MC","L1",33,23,79.2,0.0374184290030211
"MC","L1",33,22,85.1,0.0364162134944613
"MC","L1",33,21,89.1,0.0372100704934542
"MC","L1",33,20,94.6,0.0366385699899295
"MC","L1",33,19,99.7,0.0389241170534813
"MC","L1",33,18,103.5,0.0472212121212121
"MC","L1",33,18,103.5,0.0472212121212121
"MC","L1",33,17,103.7,0.0473424242424242
"MC","L1",33,16,103.5,0.0472212121212121
"MC","L1",33,16,103.5,0.0472212121212121
"MC","L1",33,15,103.2,0.0469383838383838
"MC","L1",33,14,109,0.0531545454545454
"MC","L1",33,13,114.1,0.0496757575757576
"MC","L1",33,12,114.8,0.049352
"MC","L1",33,11,114.5,0.049532
"MC","L1",33,10,114.3,0.049652
"MC","L1",33,9,119,0.0446606060606061
"MC","L1",33,8,124.4,0.041625
"MC","L1",33,7,124.3,0.041855
"MC","L1",33,6,124.8,0.040705
"MC","L1",33,5,125,0.040245
"MC","L1",33,4,129.6,0.0346757575757576
"MC","L1",33,3,133.5,0.0306414141414141
"MC","L1",33,2,139.1,0.0284090909090909
"MC","L1",33,1,144.5,0.0241515151515151
"MC","L2",1,21,92.6,0.0362235649546828
"MC","L2",1,20,99.8,0.0357604439959637
"MC","L2",1,19,102.5,0.0336262626262626
"MC","L2",1,18,103.7,0.0350808080808081
"MC","L2",1,17,102.4,0.0334545454545455
"MC","L2",1,16,103.6,0.0350606060606061
"MC","L2",1,15,109.2,0.0352090909090909
"MC","L2",1,14,113.3,0.0350070707070707
"MC","L2",1,14,113.3,0.0350070707070707
"MC","L2",1,13,113.5,0.0350272727272727
"MC","L2",1,12,113.3,0.0350070707070707
"MC","L2",1,12,113.3,0.0350070707070707
"MC","L2",1,11,112.8,0.0347393939393939
"MC","L2",1,10,117.7,0.03465
"MC","L2",1,9,123.5,0.0347282828282828
"MC","L2",1,8,128.1,0.0354
"MC","L2",1,7,133.7,0.0306
"MC","L2",1,6,138.5,0.03019
"MC","L2",1,5,143.2,0.0303909090909091
"MC","L2",1,4,147.7,0.0283565656565657
"MC","L2",1,3,153.2,0.0264747474747475
"MC","L2",1,2,158.5,0.0212444444444444
"MC","L2",1,1,163.8,0.015784
"MC","L2",2,24,94.2,0.0340816717019134
"MC","L2",2,23,97.9,0.034004833836858
"MC","L2",2,22,103.6,0.0356651515151515
"MC","L2",2,21,108.4,0.0355131313131313
"MC","L2",2,20,113.4,0.0355
"MC","L2",2,19,118.6,0.035440404040404
"MC","L2",2,18,123.4,0.0368030303030303
"MC","L2",2,17,123.3,0.0368434343434343
"MC","L2",2,16,123.5,0.0367626262626263
"MC","L2",2,15,123.7,0.0366818181818182
"MC","L2",2,14,128.1,0.032624
"MC","L2",2,13,132.9,0.0312505050505051
"MC","L2",2,12,132.7,0.0309878787878788
"MC","L2",2,11,133.2,0.0313
"MC","L2",2,10,133,0.0313818181818182
"MC","L2",2,9,138.5,0.029145
"MC","L2",2,8,142.9,0.0279363636363636
"MC","L2",2,7,143,0.0279060606060606
"MC","L2",2,6,142.8,0.0279666666666667
"MC","L2",2,5,142.7,0.0279969696969697
"MC","L2",2,4,148.6,0.021566
"MC","L2",2,3,152.6,0.019315
"MC","L2",2,2,158,0.0137636363636364
"MC","L2",2,1,163.3,0.0113
"MC","L2",3,24,4.2,0.0412819023653749
"MC","L2",3,24,4.2,0.0412819023653749
"MC","L2",3,23,4.7,0.0416845193759436
"MC","L2",3,23,4.7,0.0416845193759436
"MC","L2",3,23,4.7,0.0416845193759436
"MC","L2",3,23,4.7,0.0416845193759436
"MC","L2",3,23,4.7,0.0416845193759436
"MC","L2",3,22,4.9,0.0418455661801711
"MC","L2",3,21,4.6,0.0416039959738299
"MC","L2",3,21,4.6,0.0416039959738299
"MC","L2",3,21,4.6,0.0416039959738299
"MC","L2",3,21,4.6,0.0416039959738299
"MC","L2",3,20,3.9,0.0411149169602416
"MC","L2",3,20,3.9,0.0411149169602416
"MC","L2",3,19,4.2,0.0412819023653749
"MC","L2",3,19,4.2,0.0412819023653749
"MC","L2",3,18,5.4,0.0413342023150478
"MC","L2",3,17,4.5,0.0415234725717162
"MC","L2",3,17,4.5,0.0415234725717162
"MC","L2",3,17,4.5,0.0415234725717162
"MC","L2",3,16,3.9,0.0411149169602416
"MC","L2",3,16,3.9,0.0411149169602416
"MC","L2",3,15,5.1,0.0417267539003523
"MC","L2",3,14,4.3,0.0413624257674887
"MC","L2",3,13,4.6,0.0416039959738299
"MC","L2",3,13,4.6,0.0416039959738299
"MC","L2",3,13,4.6,0.0416039959738299
"MC","L2",3,13,4.6,0.0416039959738299
"MC","L2",3,12,4.7,0.0416845193759436
"MC","L2",3,12,4.7,0.0416845193759436
"MC","L2",3,12,4.7,0.0416845193759436
"MC","L2",3,12,4.7,0.0416845193759436
"MC","L2",3,12,4.7,0.0416845193759436
"MC","L2",3,11,4.5,0.0415234725717162
"MC","L2",3,11,4.5,0.0415234725717162
"MC","L2",3,11,4.5,0.0415234725717162
"MC","L2",3,10,5,0.0418576044287871
"MC","L2",3,9,4.7,0.0416845193759436
"MC","L2",3,9,4.7,0.0416845193759436
"MC","L2",3,9,4.7,0.0416845193759436
"MC","L2",3,9,4.7,0.0416845193759436
"MC","L2",3,9,4.7,0.0416845193759436
"MC","L2",3,8,4.8,0.0417650427780574
"MC","L2",3,7,4.6,0.0416039959738299
"MC","L2",3,7,4.6,0.0416039959738299
"MC","L2",3,7,4.6,0.0416039959738299
"MC","L2",3,7,4.6,0.0416039959738299
"MC","L2",3,6,5.2,0.0415959033719175
"MC","L2",3,5,4.7,0.0416845193759436
"MC","L2",3,5,4.7,0.0416845193759436
"MC","L2",3,5,4.7,0.0416845193759436
"MC","L2",3,5,4.7,0.0416845193759436
"MC","L2",3,5,4.7,0.0416845193759436
"MC","L2",3,4,4.1,0.0412013789632612
"MC","L2",3,3,4.7,0.0416845193759436
"MC","L2",3,3,4.7,0.0416845193759436
"MC","L2",3,3,4.7,0.0416845193759436
"MC","L2",3,3,4.7,0.0416845193759436
"MC","L2",3,3,4.7,0.0416845193759436
"MC","L2",3,2,4.5,0.0415234725717162
"MC","L2",3,2,4.5,0.0415234725717162
"MC","L2",3,2,4.5,0.0415234725717162
"MC","L2",3,1,4.6,0.0416039959738299
"MC","L2",3,1,4.6,0.0416039959738299
"MC","L2",3,1,4.6,0.0416039959738299
"MC","L2",3,1,4.6,0.0416039959738299
"MC","L2",4,24,25.2,0.0480688821752266
"MC","L2",4,24,25.2,0.0480688821752266
"MC","L2",4,23,25.4,0.0476660624370594
"MC","L2",4,22,25,0.0484717019133938
"MC","L2",4,21,24.7,0.0483865191146881
"MC","L2",4,21,24.7,0.0483865191146881
"MC","L2",4,20,24.7,0.0483865191146881
"MC","L2",4,20,24.7,0.0483865191146881
"MC","L2",4,19,24.9,0.0486731117824773
"MC","L2",4,18,25.1,0.0482702920443102
"MC","L2",4,17,25.2,0.0480688821752266
"MC","L2",4,17,25.2,0.0480688821752266
"MC","L2",4,16,25.7,0.0470618328298087
"MC","L2",4,16,25.7,0.0470618328298087
"MC","L2",4,15,25.7,0.0470618328298087
"MC","L2",4,15,25.7,0.0470618328298087
"MC","L2",4,14,25.6,0.0472632426988922
"MC","L2",4,13,25.9,0.0468140845070423
"MC","L2",4,12,99.9,0.0379728557013118
"MC","L2",4,11,100,0.0380031281533804
"MC","L2",4,10,100.2,0.0380636730575177
"MC","L2",4,10,100.2,0.0380636730575177
"MC","L2",4,9,100.2,0.0380636730575177
"MC","L2",4,9,100.2,0.0380636730575177
"MC","L2",4,8,99.8,0.0379425832492432
"MC","L2",4,7,100.4,0.038084
"MC","L2",4,7,100.4,0.038084
"MC","L2",4,7,100.4,0.038084
"MC","L2",4,6,100.7,0.038024
"MC","L2",4,5,101,0.037964
"MC","L2",4,4,100.9,0.037984
"MC","L2",4,3,100.8,0.038004
"MC","L2",4,2,100.4,0.038084
"MC","L2",4,2,100.4,0.038084
"MC","L2",4,2,100.4,0.038084
"MC","L2",4,1,100.4,0.038084
"MC","L2",4,1,100.4,0.038084
"MC","L2",4,1,100.4,0.038084
"MC","L2",5,23,5,0.0397065223955712
"MC","L2",5,22,5.3,0.0397669149471565
"MC","L2",5,21,4.7,0.0395922596879718
"MC","L2",5,20,24.8,0.0422148893360161
"MC","L2",5,19,24.7,0.0422551307847083
"MC","L2",5,18,24.6,0.0422953722334004
"MC","L2",5,17,44.5,0.0468383685800604
"MC","L2",5,16,44.7,0.0468987915407855
"MC","L2",5,15,44.2,0.0467477341389728
"MC","L2",5,14,75.4,0.0437189325276939
"MC","L2",5,13,74.8,0.043839778449144
"MC","L2",5,12,75.5,0.0437024144869215
"MC","L2",5,11,101.4,0.0393656565656565
"MC","L2",5,10,100.8,0.038924
"MC","L2",5,9,100.9,0.039054
"MC","L2",5,8,124.7,0.037465
"MC","L2",5,7,125.7,0.0378222222222222
"MC","L2",5,7,125.7,0.0378222222222222
"MC","L2",5,6,125.7,0.0378222222222222
"MC","L2",5,6,125.7,0.0378222222222222
"MC","L2",5,5,128.6,0.0386575757575758
"MC","L2",5,4,128.3,0.0387484848484848
"MC","L2",5,3,128.9,0.0385666666666667
"MC","L2",5,2,150,0.0213818181818182
"MC","L2",5,1,175.5,0.0094020202020202
"MC","L2",6,16,15.4,0.0373004024144869
"MC","L2",6,16,15.4,0.0373004024144869
"MC","L2",6,15,15.4,0.0373004024144869
"MC","L2",6,15,15.4,0.0373004024144869
"MC","L2",6,14,15.8,0.0374613682092555
"MC","L2",6,13,15.3,0.0372601609657948
"MC","L2",6,12,15.5,0.0373406438631791
"MC","L2",6,11,15.7,0.0374211267605634
"MC","L2",6,10,15.2,0.0372199195171026
"MC","L2",6,9,16,0.0374790533736153
"MC","L2",6,8,125.8,0.0374656565656566
"MC","L2",6,8,125.8,0.0374656565656566
"MC","L2",6,7,125.7,0.0374555555555556
"MC","L2",6,7,125.7,0.0374555555555556
"MC","L2",6,6,126.5,0.0377545454545455
"MC","L2",6,5,125.3,0.0374151515151515
"MC","L2",6,5,125.3,0.0374151515151515
"MC","L2",6,4,125.7,0.0374555555555556
"MC","L2",6,4,125.7,0.0374555555555556
"MC","L2",6,3,125.2,0.0374050505050505
"MC","L2",6,2,125.8,0.0374656565656566
"MC","L2",6,2,125.8,0.0374656565656566
"MC","L2",6,1,125.3,0.0374151515151515
"MC","L2",6,1,125.3,0.0374151515151515
"MC","L2",7,8,700.4,NA
"MC","L2",7,8,700.4,NA
"MC","L2",7,7,700.8,NA
"MC","L2",7,6,700.1,NA
"MC","L2",7,5,700.5,NA
"MC","L2",7,5,700.5,NA
"MC","L2",7,4,700.5,NA
"MC","L2",7,4,700.5,NA
"MC","L2",7,3,700.9,NA
"MC","L2",7,2,700.4,NA
"MC","L2",7,2,700.4,NA
"MC","L2",7,1,700.2,NA
"MC","L2",8,24,4.9,0.0421094816305989
"MC","L2",8,23,14.8,0.0390486404833837
"MC","L2",8,23,14.8,0.0390486404833837
"MC","L2",8,22,15.5,0.0389796780684105
"MC","L2",8,21,15.4,0.0389997987927565
"MC","L2",8,21,15.4,0.0389997987927565
"MC","L2",8,21,15.4,0.0389997987927565
"MC","L2",8,20,14.8,0.0390486404833837
"MC","L2",8,20,14.8,0.0390486404833837
"MC","L2",8,19,14.5,0.038897583081571
"MC","L2",8,18,15.4,0.0389997987927565
"MC","L2",8,18,15.4,0.0389997987927565
"MC","L2",8,18,15.4,0.0389997987927565
"MC","L2",8,17,15,0.0390802816901408
"MC","L2",8,16,15.4,0.0389997987927565
"MC","L2",8,16,15.4,0.0389997987927565
"MC","L2",8,16,15.4,0.0389997987927565
"MC","L2",8,15,45.4,0.0432401812688822
"MC","L2",8,14,75,0.0400979859013092
"MC","L2",8,13,100.5,0.035938
"MC","L2",8,12,119.1,0.0377818181818182
"MC","L2",8,11,119.9,0.0376565656565657
"MC","L2",8,10,119.5,0.0377373737373737
"MC","L2",8,9,119.2,0.0377979797979798
"MC","L2",8,9,119.2,0.0377979797979798
"MC","L2",8,9,119.2,0.0377979797979798
"MC","L2",8,9,119.2,0.0377979797979798
"MC","L2",8,8,119.2,0.0377979797979798
"MC","L2",8,8,119.2,0.0377979797979798
"MC","L2",8,8,119.2,0.0377979797979798
"MC","L2",8,8,119.2,0.0377979797979798
"MC","L2",8,7,119.2,0.0377979797979798
"MC","L2",8,7,119.2,0.0377979797979798
"MC","L2",8,7,119.2,0.0377979797979798
"MC","L2",8,7,119.2,0.0377979797979798
"MC","L2",8,6,119.2,0.0377979797979798
"MC","L2",8,6,119.2,0.0377979797979798
"MC","L2",8,6,119.2,0.0377979797979798
"MC","L2",8,6,119.2,0.0377979797979798
"MC","L2",8,5,125.2,0.0365292929292929
"MC","L2",8,4,150.3,0.0193
"MC","L2",8,3,175.2,0.0090929292929293
"MC","L2",8,2,250,0.00461
"MC","L2",8,1,399.8,NA
"MC","L2",11,24,5.6,0.0457634625062909
"MC","L2",11,23,15.6,0.0465213279678068
"MC","L2",11,23,15.6,0.0465213279678068
"MC","L2",11,23,15.6,0.0465213279678068
"MC","L2",11,22,15.5,0.0464609657947686
"MC","L2",11,22,15.5,0.0464609657947686
"MC","L2",11,22,15.5,0.0464609657947686
"MC","L2",11,22,15.5,0.0464609657947686
"MC","L2",11,22,15.5,0.0464609657947686
"MC","L2",11,21,15.1,0.0462195171026157
"MC","L2",11,20,15.2,0.0462798792756539
"MC","L2",11,19,15.6,0.0465213279678068
"MC","L2",11,19,15.6,0.0465213279678068
"MC","L2",11,19,15.6,0.0465213279678068
"MC","L2",11,18,14.8,0.0460794561933535
"MC","L2",11,18,14.8,0.0460794561933535
"MC","L2",11,17,15.5,0.0464609657947686
"MC","L2",11,17,15.5,0.0464609657947686
"MC","L2",11,17,15.5,0.0464609657947686
"MC","L2",11,17,15.5,0.0464609657947686
"MC","L2",11,17,15.5,0.0464609657947686
"MC","L2",11,16,16.2,0.047006143001007
"MC","L2",11,15,15.5,0.0464609657947686
"MC","L2",11,15,15.5,0.0464609657947686
"MC","L2",11,15,15.5,0.0464609657947686
"MC","L2",11,15,15.5,0.0464609657947686
"MC","L2",11,15,15.5,0.0464609657947686
"MC","L2",11,14,15.4,0.0464006036217304
"MC","L2",11,13,15.6,0.0465213279678068
"MC","L2",11,13,15.6,0.0465213279678068
"MC","L2",11,13,15.6,0.0465213279678068
"MC","L2",11,12,15.5,0.0464609657947686
"MC","L2",11,12,15.5,0.0464609657947686
"MC","L2",11,12,15.5,0.0464609657947686
"MC","L2",11,12,15.5,0.0464609657947686
"MC","L2",11,12,15.5,0.0464609657947686
"MC","L2",11,11,14.8,0.0460794561933535
"MC","L2",11,11,14.8,0.0460794561933535
"MC","L2",11,10,15.7,0.0465816901408451
"MC","L2",11,9,15.5,0.0464609657947686
"MC","L2",11,9,15.5,0.0464609657947686
"MC","L2",11,9,15.5,0.0464609657947686
"MC","L2",11,9,15.5,0.0464609657947686
"MC","L2",11,9,15.5,0.0464609657947686
"MC","L2",11,8,15.3,0.0463402414486922
"MC","L2",11,7,123.8,0.037159595959596
"MC","L2",11,7,123.8,0.037159595959596
"MC","L2",11,6,123.7,0.0372909090909091
"MC","L2",11,6,123.7,0.0372909090909091
"MC","L2",11,5,123.9,0.0370282828282828
"MC","L2",11,4,124.2,0.03672
"MC","L2",11,3,123.6,0.0374222222222222
"MC","L2",11,2,123.8,0.037159595959596
"MC","L2",11,2,123.8,0.037159595959596
"MC","L2",11,1,123.7,0.0372909090909091
"MC","L2",11,1,123.7,0.0372909090909091
"MC","L2",12,19,5.5,0.0483320583794665
"MC","L2",12,18,14.8,0.0497383685800604
"MC","L2",12,17,15,0.049730985915493
"MC","L2",12,16,15.4,0.0494492957746479
"MC","L2",12,15,15.2,0.0495901408450704
"MC","L2",12,15,15.2,0.0495901408450704
"MC","L2",12,14,15.2,0.0495901408450704
"MC","L2",12,14,15.2,0.0495901408450704
"MC","L2",12,13,15.7,0.0492380281690141
"MC","L2",12,13,15.7,0.0492380281690141
"MC","L2",12,12,15.7,0.0492380281690141
"MC","L2",12,12,15.7,0.0492380281690141
"MC","L2",12,11,14.9,0.0497987915407855
"MC","L2",12,10,14.7,0.0496779456193353
"MC","L2",12,9,128.2,0.0398141414141414
"MC","L2",12,8,128.3,0.0398343434343434
"MC","L2",12,8,128.3,0.0398343434343434
"MC","L2",12,7,127.8,0.04013
"MC","L2",12,6,128,0.03993
"MC","L2",12,5,128.1,0.03983
"MC","L2",12,5,128.1,0.03983
"MC","L2",12,4,128.3,0.0398343434343434
"MC","L2",12,4,128.3,0.0398343434343434
"MC","L2",12,3,128.1,0.03983
"MC","L2",12,3,128.1,0.03983
"MC","L2",12,2,128.4,0.0398545454545455
"MC","L2",12,1,128.7,0.0399151515151515
"MC","L2",13,24,15.3,0.0455
"MC","L2",13,23,15.2,0.0455
"MC","L2",13,23,15.2,0.0455
"MC","L2",13,22,14.9,0.0454995971802618
"MC","L2",13,21,14.5,0.0454190332326284
"MC","L2",13,21,14.5,0.0454190332326284
"MC","L2",13,20,14.5,0.0454190332326284
"MC","L2",13,20,14.5,0.0454190332326284
"MC","L2",13,19,15.4,0.0455
"MC","L2",13,18,15.2,0.0455
"MC","L2",13,18,15.2,0.0455
"MC","L2",13,17,48.5,0.0477465256797583
"MC","L2",13,16,47.9,0.0475652567975831
"MC","L2",13,15,109.2,0.0378484848484849
"MC","L2",13,15,109.2,0.0378484848484849
"MC","L2",13,14,109.2,0.0378484848484849
"MC","L2",13,14,109.2,0.0378484848484849
"MC","L2",13,13,112.6,0.0363545454545455
"MC","L2",13,13,112.6,0.0363545454545455
"MC","L2",13,12,112.1,0.0365424242424242
"MC","L2",13,11,112.2,0.0365121212121212
"MC","L2",13,10,112.8,0.0362737373737374
"MC","L2",13,9,113.1,0.0361525252525253
"MC","L2",13,8,112.5,0.0363949494949495
"MC","L2",13,7,112.6,0.0363545454545455
"MC","L2",13,7,112.6,0.0363545454545455
"MC","L2",13,6,128.7,0.0305727272727273
"MC","L2",13,5,129.1,0.0306939393939394
"MC","L2",13,4,175.5,0.00887171717171717
"MC","L2",13,3,174.6,0.008743
"MC","L2",13,2,249.8,0.004384
"MC","L2",13,1,249.3,0.004484
"MC","L2",15,23,5.5,0.0408468847508807
"MC","L2",15,22,14.8,0.0415178247734139
"MC","L2",15,21,15.4,0.0422012072434608
"MC","L2",15,21,15.4,0.0422012072434608
"MC","L2",15,20,15.1,0.0418390342052314
"MC","L2",15,20,15.1,0.0418390342052314
"MC","L2",15,20,15.1,0.0418390342052314
"MC","L2",15,19,15.1,0.0418390342052314
"MC","L2",15,19,15.1,0.0418390342052314
"MC","L2",15,19,15.1,0.0418390342052314
"MC","L2",15,18,15.2,0.0419597585513078
"MC","L2",15,17,15.4,0.0422012072434608
"MC","L2",15,17,15.4,0.0422012072434608
"MC","L2",15,16,15.1,0.0418390342052314
"MC","L2",15,16,15.1,0.0418390342052314
"MC","L2",15,16,15.1,0.0418390342052314
"MC","L2",15,15,15.3,0.0420804828973843
"MC","L2",15,14,119.1,0.0366636363636364
"MC","L2",15,13,118.6,0.0370171717171717
"MC","L2",15,12,118.1,0.03723
"MC","L2",15,12,118.1,0.03723
"MC","L2",15,12,118.1,0.03723
"MC","L2",15,11,118.1,0.03723
"MC","L2",15,11,118.1,0.03723
"MC","L2",15,11,118.1,0.03723
"MC","L2",15,10,118.5,0.0370878787878788
"MC","L2",15,9,117.9,0.03709
"MC","L2",15,8,118.1,0.03723
"MC","L2",15,8,118.1,0.03723
"MC","L2",15,8,118.1,0.03723
"MC","L2",15,7,118.4,0.0371585858585859
"MC","L2",15,6,135.5,0.0276454545454545
"MC","L2",15,5,150.3,0.0168
"MC","L2",15,4,175.2,0.00924848484848484
"MC","L2",15,3,200.2,0.0064
"MC","L2",15,2,225.3,0.005122
"MC","L2",15,1,300.2,0.00373838383838384
"MC","L2",17,18,5.6,0.0362909612481127
"MC","L2",17,17,14.9,0.0372006042296072
"MC","L2",17,16,15.4,0.0369995975855131
"MC","L2",17,16,15.4,0.0369995975855131
"MC","L2",17,15,15.2,0.0370800804828974
"MC","L2",17,14,15.1,0.0371203219315895
"MC","L2",17,14,15.1,0.0371203219315895
"MC","L2",17,13,14.8,0.0372308157099698
"MC","L2",17,12,14.6,0.0372912386706949
"MC","L2",17,11,15.1,0.0371203219315895
"MC","L2",17,11,15.1,0.0371203219315895
"MC","L2",17,10,15.4,0.0369995975855131
"MC","L2",17,10,15.4,0.0369995975855131
"MC","L2",17,9,125.7,0.0345888888888889
"MC","L2",17,9,125.7,0.0345888888888889
"MC","L2",17,8,125.2,0.034689898989899
"MC","L2",17,7,125.6,0.0346090909090909
"MC","L2",17,7,125.6,0.0346090909090909
"MC","L2",17,6,124.8,0.034875
"MC","L2",17,5,125.3,0.034669696969697
"MC","L2",17,5,125.3,0.034669696969697
"MC","L2",17,4,125.6,0.0346090909090909
"MC","L2",17,4,125.6,0.0346090909090909
"MC","L2",17,3,125.3,0.034669696969697
"MC","L2",17,3,125.3,0.034669696969697
"MC","L2",17,2,125.1,0.034725
"MC","L2",17,1,125.7,0.0345888888888889
"MC","L2",17,1,125.7,0.0345888888888889
"MC","L2",18,19,5.4,0.0378305686965274
"MC","L2",18,18,15.3,0.0421591549295775
"MC","L2",18,18,15.3,0.0421591549295775
"MC","L2",18,18,15.3,0.0421591549295775
"MC","L2",18,17,15.2,0.0423704225352113
"MC","L2",18,17,15.2,0.0423704225352113
"MC","L2",18,17,15.2,0.0423704225352113
"MC","L2",18,16,15.4,0.0419478873239437
"MC","L2",18,16,15.4,0.0419478873239437
"MC","L2",18,15,15.1,0.0425816901408451
"MC","L2",18,14,15.2,0.0423704225352113
"MC","L2",18,14,15.2,0.0423704225352113
"MC","L2",18,14,15.2,0.0423704225352113
"MC","L2",18,13,15.4,0.0419478873239437
"MC","L2",18,13,15.4,0.0419478873239437
"MC","L2",18,12,15.2,0.0423704225352113
"MC","L2",18,12,15.2,0.0423704225352113
"MC","L2",18,12,15.2,0.0423704225352113
"MC","L2",18,11,15.3,0.0421591549295775
"MC","L2",18,11,15.3,0.0421591549295775
"MC","L2",18,11,15.3,0.0421591549295775
"MC","L2",18,10,15.3,0.0421591549295775
"MC","L2",18,10,15.3,0.0421591549295775
"MC","L2",18,10,15.3,0.0421591549295775
"MC","L2",18,9,15.8,0.0411028169014084
"MC","L2",18,8,136.3,0.034730303030303
"MC","L2",18,7,136.2,0.0347606060606061
"MC","L2",18,7,136.2,0.0347606060606061
"MC","L2",18,6,136.4,0.0347
"MC","L2",18,5,136,0.0347787878787879
"MC","L2",18,4,135.9,0.0347484848484848
"MC","L2",18,3,136.5,0.034669696969697
"MC","L2",18,3,136.5,0.034669696969697
"MC","L2",18,2,136.2,0.0347606060606061
"MC","L2",18,2,136.2,0.0347606060606061
"MC","L2",18,1,136.5,0.034669696969697
"MC","L2",18,1,136.5,0.034669696969697
"MC","L2",19,24,5.4,0.0409305686965274
"MC","L2",19,23,5.5,0.0409607649723201
"MC","L2",19,22,15,0.0414084507042254
"MC","L2",19,21,15.4,0.041851106639839
"MC","L2",19,21,15.4,0.041851106639839
"MC","L2",19,21,15.4,0.041851106639839
"MC","L2",19,21,15.4,0.041851106639839
"MC","L2",19,21,15.4,0.041851106639839
"MC","L2",19,20,15.4,0.041851106639839
"MC","L2",19,20,15.4,0.041851106639839
"MC","L2",19,20,15.4,0.041851106639839
"MC","L2",19,20,15.4,0.041851106639839
"MC","L2",19,20,15.4,0.041851106639839
"MC","L2",19,19,15.3,0.0417404426559356
"MC","L2",19,18,15.1,0.0415191146881288
"MC","L2",19,17,15.2,0.0416297786720322
"MC","L2",19,16,15.4,0.041851106639839
"MC","L2",19,16,15.4,0.041851106639839
"MC","L2",19,16,15.4,0.041851106639839
"MC","L2",19,16,15.4,0.041851106639839
"MC","L2",19,16,15.4,0.041851106639839
"MC","L2",19,15,15.7,0.0421830985915493
"MC","L2",19,15,15.7,0.0421830985915493
"MC","L2",19,15,15.7,0.0421830985915493
"MC","L2",19,15,15.7,0.0421830985915493
"MC","L2",19,14,15.4,0.041851106639839
"MC","L2",19,14,15.4,0.041851106639839
"MC","L2",19,14,15.4,0.041851106639839
"MC","L2",19,14,15.4,0.041851106639839
"MC","L2",19,14,15.4,0.041851106639839
"MC","L2",19,13,15.7,0.0421830985915493
"MC","L2",19,13,15.7,0.0421830985915493
"MC","L2",19,13,15.7,0.0421830985915493
"MC","L2",19,13,15.7,0.0421830985915493
"MC","L2",19,12,15.7,0.0421830985915493
"MC","L2",19,12,15.7,0.0421830985915493
"MC","L2",19,12,15.7,0.0421830985915493
"MC","L2",19,12,15.7,0.0421830985915493
"MC","L2",19,11,15.7,0.0421830985915493
"MC","L2",19,11,15.7,0.0421830985915493
"MC","L2",19,11,15.7,0.0421830985915493
"MC","L2",19,11,15.7,0.0421830985915493
"MC","L2",19,10,15.4,0.041851106639839
"MC","L2",19,10,15.4,0.041851106639839
"MC","L2",19,10,15.4,0.041851106639839
"MC","L2",19,10,15.4,0.041851106639839
"MC","L2",19,10,15.4,0.041851106639839
"MC","L2",19,9,15.6,0.0420724346076459
"MC","L2",19,8,128.4,0.0397545454545455
"MC","L2",19,8,128.4,0.0397545454545455
"MC","L2",19,7,128,0.039817
"MC","L2",19,6,128.1,0.039727
"MC","L2",19,5,128.4,0.0397545454545455
"MC","L2",19,5,128.4,0.0397545454545455
"MC","L2",19,4,127.8,0.039997
"MC","L2",19,3,127.7,0.040087
"MC","L2",19,2,133.6,0.0377909090909091
"MC","L2",19,1,133.3,0.0379727272727273
"MC","L2",20,24,5.9,0.0473631001509814
"MC","L2",20,23,14.9,0.0470012084592145
"MC","L2",20,22,15.7,0.0474014084507042
"MC","L2",20,21,15.2,0.0471498993963783
"MC","L2",20,21,15.2,0.0471498993963783
"MC","L2",20,21,15.2,0.0471498993963783
"MC","L2",20,20,15.6,0.047351106639839
"MC","L2",20,19,15.3,0.0472002012072435
"MC","L2",20,19,15.3,0.0472002012072435
"MC","L2",20,18,15.2,0.0471498993963783
"MC","L2",20,18,15.2,0.0471498993963783
"MC","L2",20,18,15.2,0.0471498993963783
"MC","L2",20,17,15.3,0.0472002012072435
"MC","L2",20,17,15.3,0.0472002012072435
"MC","L2",20,16,15.2,0.0471498993963783
"MC","L2",20,16,15.2,0.0471498993963783
"MC","L2",20,16,15.2,0.0471498993963783
"MC","L2",20,15,45.1,0.0512184290030211
"MC","L2",20,14,74.9,0.0498607250755287
"MC","L2",20,13,124.8,0.0389500000000001
"MC","L2",20,12,128.3,0.0336595959595959
"MC","L2",20,12,128.3,0.0336595959595959
"MC","L2",20,11,128.1,0.033936
"MC","L2",20,10,128.2,0.0338010101010101
"MC","L2",20,9,128.8,0.0329525252525252
"MC","L2",20,8,128.4,0.0335181818181818
"MC","L2",20,7,128,0.034056
"MC","L2",20,6,128.3,0.0336595959595959
"MC","L2",20,6,128.3,0.0336595959595959
"MC","L2",20,5,127.9,0.034176
"MC","L2",20,4,150,0.0225030303030303
"MC","L2",20,3,175.5,0.00794343434343434
"MC","L2",20,2,300.6,0.00288888888888888
"MC","L2",20,1,700.5,NA
"MC","L2",21,24,15.3,0.0443199195171026
"MC","L2",21,23,14.7,0.0444813695871098
"MC","L2",21,22,14.4,0.0446022155085599
"MC","L2",21,21,15.2,0.0443400402414487
"MC","L2",21,20,15.1,0.0443601609657948
"MC","L2",21,19,14.6,0.0445216515609265
"MC","L2",21,18,14.8,0.0444410876132931
"MC","L2",21,17,44.6,0.0459581067472306
"MC","L2",21,16,44.7,0.0459983887210473
"MC","L2",21,15,126.8,0.0380666666666667
"MC","L2",21,14,126.7,0.0379656565656566
"MC","L2",21,14,126.7,0.0379656565656566
"MC","L2",21,14,126.7,0.0379656565656566
"MC","L2",21,13,126.7,0.0379656565656566
"MC","L2",21,13,126.7,0.0379656565656566
"MC","L2",21,13,126.7,0.0379656565656566
"MC","L2",21,12,127.4,0.038346
"MC","L2",21,11,127.3,0.038366
"MC","L2",21,10,126.9,0.0381676767676768
"MC","L2",21,9,126.7,0.0379656565656566
"MC","L2",21,9,126.7,0.0379656565656566
"MC","L2",21,9,126.7,0.0379656565656566
"MC","L2",21,8,131.2,0.03822
"MC","L2",21,7,131.5,0.03828
"MC","L2",21,6,150.9,0.0289181818181818
"MC","L2",21,5,151.5,0.0285727272727273
"MC","L2",21,4,175.8,0.00988989898989899
"MC","L2",21,3,175.3,0.0102393939393939
"MC","L2",21,2,250.2,0.005598
"MC","L2",21,1,250.4,0.00552727272727273
"MC","L2",24,16,14.7,0.0401627391742195
"MC","L2",24,16,14.7,0.0401627391742195
"MC","L2",24,15,14.9,0.0400016112789527
"MC","L2",24,15,14.9,0.0400016112789527
"MC","L2",24,14,15.1,0.0402390342052314
"MC","L2",24,13,15.3,0.0404804828973843
"MC","L2",24,12,15,0.0401183098591549
"MC","L2",24,11,14.9,0.0400016112789527
"MC","L2",24,11,14.9,0.0400016112789527
"MC","L2",24,10,14.8,0.0400821752265861
"MC","L2",24,9,14.7,0.0401627391742195
"MC","L2",24,9,14.7,0.0401627391742195
"MC","L2",24,8,123,0.0381222222222222
"MC","L2",24,7,123.4,0.0382515151515152
"MC","L2",24,6,123.3,0.0382717171717172
"MC","L2",24,6,123.3,0.0382717171717172
"MC","L2",24,5,123.7,0.0381909090909091
"MC","L2",24,4,124.2,0.03806
"MC","L2",24,3,123.6,0.0382111111111111
"MC","L2",24,2,123.5,0.0382313131313131
"MC","L2",24,1,123.3,0.0382717171717172
"MC","L2",24,1,123.3,0.0382717171717172
"MC","L2",25,18,14.9,0.0389004028197382
"MC","L2",25,18,14.9,0.0389004028197382
"MC","L2",25,18,14.9,0.0389004028197382
"MC","L2",25,17,15.1,0.0389796780684105
"MC","L2",25,16,14.9,0.0389004028197382
"MC","L2",25,16,14.9,0.0389004028197382
"MC","L2",25,16,14.9,0.0389004028197382
"MC","L2",25,15,14.8,0.0389205438066465
"MC","L2",25,15,14.8,0.0389205438066465
"MC","L2",25,15,14.8,0.0389205438066465
"MC","L2",25,14,14.8,0.0389205438066465
"MC","L2",25,14,14.8,0.0389205438066465
"MC","L2",25,14,14.8,0.0389205438066465
"MC","L2",25,13,14.9,0.0389004028197382
"MC","L2",25,13,14.9,0.0389004028197382
"MC","L2",25,13,14.9,0.0389004028197382
"MC","L2",25,12,15,0.0389394366197183
"MC","L2",25,11,15.3,0.0390601609657948
"MC","L2",25,10,14.8,0.0389205438066465
"MC","L2",25,10,14.8,0.0389205438066465
"MC","L2",25,10,14.8,0.0389205438066465
"MC","L2",25,9,121.1,0.0358717171717172
"MC","L2",25,9,121.1,0.0358717171717172
"MC","L2",25,8,120.5,0.0356292929292929
"MC","L2",25,7,120.8,0.035750505050505
"MC","L2",25,6,121.1,0.0358717171717172
"MC","L2",25,6,121.1,0.0358717171717172
"MC","L2",25,5,121,0.0358313131313131
"MC","L2",25,4,121.5,0.035834
"MC","L2",25,3,122.1,0.035714
"MC","L2",25,2,122.2,0.0357212121212121
"MC","L2",25,1,122.4,0.0358626262626263
"MC","L2",26,24,6.4,0.0407767086059386
"MC","L2",26,23,15.4,0.0405995975855131
"MC","L2",26,22,15.2,0.0406800804828974
"MC","L2",26,22,15.2,0.0406800804828974
"MC","L2",26,21,15.3,0.0406398390342052
"MC","L2",26,20,15.2,0.0406800804828974
"MC","L2",26,20,15.2,0.0406800804828974
"MC","L2",26,19,15,0.0407605633802817
"MC","L2",26,18,15.1,0.0407203219315895
"MC","L2",26,17,14.9,0.0408018126888218
"MC","L2",26,16,44.8,0.0414580060422961
"MC","L2",26,15,74.7,0.0441601208459214
"MC","L2",26,14,100.3,0.0346443995963673
"MC","L2",26,13,122.3,0.0337787878787879
"MC","L2",26,12,123,0.0342030303030303
"MC","L2",26,11,121.6,0.034156
"MC","L2",26,10,122.6,0.0339606060606061
"MC","L2",26,9,122.2,0.0337181818181818
"MC","L2",26,9,122.2,0.0337181818181818
"MC","L2",26,8,121.9,0.033916
"MC","L2",26,8,121.9,0.033916
"MC","L2",26,8,121.9,0.033916
"MC","L2",26,7,122.2,0.0337181818181818
"MC","L2",26,7,122.2,0.0337181818181818
"MC","L2",26,6,121.9,0.033916
"MC","L2",26,6,121.9,0.033916
"MC","L2",26,6,121.9,0.033916
"MC","L2",26,5,121.9,0.033916
"MC","L2",26,5,121.9,0.033916
"MC","L2",26,5,121.9,0.033916
"MC","L2",26,4,149.6,0.0235363636363636
"MC","L2",26,3,175.3,0.0127515151515152
"MC","L2",26,2,250.3,0.0046
"MC","L2",26,1,399.9,NA
"MC","L2",27,24,15.6,0.0486404426559356
"MC","L2",27,24,15.6,0.0486404426559356
"MC","L2",27,23,14.9,0.0484997985901309
"MC","L2",27,22,14.8,0.0484897280966767
"MC","L2",27,22,14.8,0.0484897280966767
"MC","L2",27,22,14.8,0.0484897280966767
"MC","L2",27,22,14.8,0.0484897280966767
"MC","L2",27,21,15.1,0.0485398390342052
"MC","L2",27,21,15.1,0.0485398390342052
"MC","L2",27,20,14.4,0.04844944612286
"MC","L2",27,19,15.1,0.0485398390342052
"MC","L2",27,19,15.1,0.0485398390342052
"MC","L2",27,18,15.3,0.0485800804828974
"MC","L2",27,18,15.3,0.0485800804828974
"MC","L2",27,17,14.8,0.0484897280966767
"MC","L2",27,17,14.8,0.0484897280966767
"MC","L2",27,17,14.8,0.0484897280966767
"MC","L2",27,17,14.8,0.0484897280966767
"MC","L2",27,16,15,0.0485197183098592
"MC","L2",27,15,15.6,0.0486404426559356
"MC","L2",27,15,15.6,0.0486404426559356
"MC","L2",27,14,15.4,0.0486002012072435
"MC","L2",27,13,14.8,0.0484897280966767
"MC","L2",27,13,14.8,0.0484897280966767
"MC","L2",27,13,14.8,0.0484897280966767
"MC","L2",27,13,14.8,0.0484897280966767
"MC","L2",27,12,15.7,0.0486605633802817
"MC","L2",27,11,15.3,0.0485800804828974
"MC","L2",27,11,15.3,0.0485800804828974
"MC","L2",27,10,14.8,0.0484897280966767
"MC","L2",27,10,14.8,0.0484897280966767
"MC","L2",27,10,14.8,0.0484897280966767
"MC","L2",27,10,14.8,0.0484897280966767
"MC","L2",27,9,14.3,0.0484393756294058
"MC","L2",27,8,122.2,0.038269696969697
"MC","L2",27,8,122.2,0.038269696969697
"MC","L2",27,7,122.3,0.0381686868686869
"MC","L2",27,6,122.1,0.038314
"MC","L2",27,6,122.1,0.038314
"MC","L2",27,5,122.1,0.038314
"MC","L2",27,5,122.1,0.038314
"MC","L2",27,4,121.9,0.038354
"MC","L2",27,4,121.9,0.038354
"MC","L2",27,3,122.5,0.0379666666666667
"MC","L2",27,2,122.2,0.038269696969697
"MC","L2",27,2,122.2,0.038269696969697
"MC","L2",27,1,121.9,0.038354
"MC","L2",27,1,121.9,0.038354
"MC","L2",29,19,14.9,0.0515983887210473
"MC","L2",29,18,14.3,0.0511150050352467
"MC","L2",29,18,14.3,0.0511150050352467
"MC","L2",29,17,14.3,0.0511150050352467
"MC","L2",29,17,14.3,0.0511150050352467
"MC","L2",29,16,14.2,0.0510344410876133
"MC","L2",29,16,14.2,0.0510344410876133
"MC","L2",29,16,14.2,0.0510344410876133
"MC","L2",29,15,13.6,0.0511108651911469
"MC","L2",29,14,14.4,0.0511955689828802
"MC","L2",29,14,14.4,0.0511955689828802
"MC","L2",29,13,14.2,0.0510344410876133
"MC","L2",29,13,14.2,0.0510344410876133
"MC","L2",29,13,14.2,0.0510344410876133
"MC","L2",29,12,14.2,0.0510344410876133
"MC","L2",29,12,14.2,0.0510344410876133
"MC","L2",29,12,14.2,0.0510344410876133
"MC","L2",29,11,13.7,0.0510102615694165
"MC","L2",29,10,14.4,0.0511955689828802
"MC","L2",29,10,14.4,0.0511955689828802
"MC","L2",29,9,14.6,0.051356696878147
"MC","L2",29,8,126.8,0.0358666666666667
"MC","L2",29,7,126.6,0.0359676767676768
"MC","L2",29,7,126.6,0.0359676767676768
"MC","L2",29,6,127.1,0.0357151515151515
"MC","L2",29,5,126.7,0.0359171717171717
"MC","L2",29,4,126.9,0.0358161616161616
"MC","L2",29,4,126.9,0.0358161616161616
"MC","L2",29,3,126.9,0.0358161616161616
"MC","L2",29,3,126.9,0.0358161616161616
"MC","L2",29,2,126.6,0.0359676767676768
"MC","L2",29,2,126.6,0.0359676767676768
"MC","L2",29,1,127.2,0.035833
"MC","L2",30,16,15,0.0503422535211268
"MC","L2",30,16,15,0.0503422535211268
"MC","L2",30,15,14.4,0.0496405840886203
"MC","L2",30,14,14.5,0.0498117824773414
"MC","L2",30,13,14.8,0.0503253776435045
"MC","L2",30,12,15.2,0.0500203219315895
"MC","L2",30,11,15.8,0.0490545271629779
"MC","L2",30,10,15.3,0.0498593561368209
"MC","L2",30,9,15,0.0503422535211268
"MC","L2",30,9,15,0.0503422535211268
"MC","L2",30,8,127.5,0.036226
"MC","L2",30,7,126.8,0.0367
"MC","L2",30,6,126.6,0.0369424242424242
"MC","L2",30,5,126.1,0.0375323232323232
"MC","L2",30,4,126.4,0.0371848484848485
"MC","L2",30,3,125.9,0.0376939393939394
"MC","L2",30,2,126,0.0376131313131313
"MC","L2",30,1,126.5,0.0370636363636364
"MC","L2",31,18,14.4,0.0452450151057402
"MC","L2",31,17,15,0.0456507042253521
"MC","L2",31,16,15.1,0.0456004024144869
"MC","L2",31,16,15.1,0.0456004024144869
"MC","L2",31,15,15.1,0.0456004024144869
"MC","L2",31,15,15.1,0.0456004024144869
"MC","L2",31,14,14.9,0.0456981873111782
"MC","L2",31,13,15.2,0.0455501006036217
"MC","L2",31,12,15.3,0.0454997987927565
"MC","L2",31,11,15.6,0.045348893360161
"MC","L2",31,10,15.4,0.0454494969818913
"MC","L2",31,9,122.8,0.0360636363636364
"MC","L2",31,8,123.1,0.0360939393939394
"MC","L2",31,8,123.1,0.0360939393939394
"MC","L2",31,7,122.9,0.0360737373737374
"MC","L2",31,6,123.4,0.0359787878787879
"MC","L2",31,5,123,0.0360838383838384
"MC","L2",31,4,123.1,0.0360939393939394
"MC","L2",31,4,123.1,0.0360939393939394
"MC","L2",31,3,123.2,0.036079797979798
"MC","L2",31,3,123.2,0.036079797979798
"MC","L2",31,2,123.2,0.036079797979798
"MC","L2",31,2,123.2,0.036079797979798
"MC","L2",31,1,122.5,0.0360333333333333
