feature,mzmed,rtmed,compound_name,structure,class,cruise,polarity
FT0003,60.06447886851161,9.412772623697917,NA,NA,NA,FK,pos
FT0042,70.0658200134244,7.504706827799478,NA,NA,NA,FK,pos
FT0056,72.0814481651434,7.070278676350911,NA,NA,NA,FK,pos
FT0057,72.08144479425236,5.440715535481771,NA,NA,NA,FK,pos
FT0090,74.06069605653565,9.894366455078124,NA,NA,NA,FK,pos
FT0091,74.0606975316308,9.30265401204427,NA,NA,NA,FK,pos
FT0099,75.10042880420646,8.99396464029948,NA,NA,NA,FK,pos
FT0100,76.03999836201224,10.494403076171874,Glycine,NA,NA,FK,pos
FT0103,77.07966661442192,5.218178304036458,NA,NA,NA,FK,pos
FT0118,84.04499159891637,9.995914204915364,NA,NA,NA,FK,pos
FT0119,84.04498577144575,10.833963012695312,NA,NA,NA,FK,pos
FT0121,84.0449536005934,5.549825032552083,NA,NA,NA,FK,pos
FT0128,84.08132911819122,7.975771077473959,NA,NA,NA,FK,pos
FT0129,85.02897510331259,5.342318979899089,NA,NA,NA,FK,pos
FT0130,85.02896175019544,2.1680142720540365,NA,NA,NA,FK,pos
FT0131,85.02897257929338,7.896914164225261,NA,NA,NA,FK,pos
FT0132,85.02895958497946,8.764527384440104,NA,NA,NA,FK,pos
FT0138,86.06059455689088,9.54108378092448,NA,NA,NA,FK,pos
FT0145,87.0445855460496,2.4966238657633464,NA,NA,NA,FK,pos
FT0146,87.04460702077235,1.9286687215169271,NA,NA,NA,FK,pos
FT0151,87.04461370253878,6.792440287272135,NA,NA,NA,FK,pos
FT0179,90.05549037579219,9.508095296223958,L-Alanine,NA,NA,FK,pos
FT0180,90.05549550021432,10.17823282877604,beta-Alanine,NA,NA,FK,pos
FT0181,90.05547190771424,8.818379211425782,Sarcosine,NA,NA,FK,pos
FT0184,90.09189576391496,5.444854736328125,NA,NA,NA,FK,pos
FT0190,91.05475655767516,3.1532661437988283,NA,NA,NA,FK,pos
FT0191,91.09517067922474,4.943559773763021,NA,NA,NA,FK,pos
FT0193,93.04523757759571,7.004364013671875,NA,NA,NA,FK,pos
FT0194,93.07426913288371,9.524229431152344,"DL-Alanine, 2H3",NA,NA,FK,pos
FT0195,94.04557169673912,13.145756022135416,NA,NA,NA,FK,pos
FT0205,97.0765017498986,7.918608601888022,NA,NA,NA,FK,pos
FT0235,101.06012471336996,1.9219935099283856,NA,NA,NA,FK,pos
FT0242,102.05536997832417,5.468203226725261,NA,NA,NA,FK,pos
FT0244,102.05536879646748,9.209832255045573,NA,NA,NA,FK,pos
FT0246,102.0553572772402,10.894170633951823,NA,NA,NA,FK,pos
FT0249,103.0393574064258,2.3906355539957684,NA,NA,NA,FK,pos
FT0250,103.05463171016616,3.1307111104329426,NA,NA,NA,FK,pos
FT0260,104.07103464151405,10.24559580485026,4-Aminobutyric acid,NA,NA,FK,pos
FT0272,105.07431548993247,6.872270202636718,NA,NA,NA,FK,pos
FT0273,105.11072142749111,9.225013133658852,NA,NA,NA,FK,pos
FT0274,105.11072004055492,10.635617065429688,NA,NA,NA,FK,pos
FT0277,110.07160816282284,9.571608479817709,NA,NA,NA,FK,pos
FT0297,112.05089185353174,4.828016153971354,Cytosine,NA,NA,FK,pos
FT0305,113.05417395102538,5.417547353108724,NA,NA,NA,FK,pos
FT0306,113.05420525549468,6.514600880940756,NA,NA,NA,FK,pos
FT0308,113.060071392,1.6503159205118814,NA,NA,NA,FK,pos
FT0310,113.0712572511904,10.852896118164065,NA,NA,NA,FK,pos
FT0317,115.07562604993024,1.8471827189127608,NA,NA,NA,FK,pos
FT0318,115.0869096752506,9.386919657389322,NA,NA,NA,FK,pos
FT0323,116.07093020375864,3.1637967427571616,NA,NA,NA,FK,pos
FT0325,116.07094622203932,14.503706868489584,L-Proline,NA,NA,FK,pos
FT0333,117.04864442702564,5.436107381184896,"Cytosine, 13C2, 15N3",NA,NA,FK,pos
FT0334,117.05488603913814,9.39979756673177,NA,NA,NA,FK,pos
FT0335,117.0741958409272,7.50575917561849,NA,NA,NA,FK,pos
FT0338,118.0653846833609,3.1363545735677083,NA,NA,NA,FK,pos
FT0347,119.08354456904536,5.770498402913412,NA,NA,NA,FK,pos
FT0348,119.08983922503052,5.777528635660807,NA,NA,NA,FK,pos
FT0356,120.06576129858068,9.873048909505208,L-Homoserine,NA,NA,FK,pos
FT0357,120.06576574297924,9.251244099934896,L-Threonine,NA,NA,FK,pos
FT0358,120.080981254425,4.635010528564453,NA,NA,NA,FK,pos
FT0359,120.09072332165826,5.769863891601562,NA,NA,NA,FK,pos
FT0369,121.0398715053292,3.0929239908854167,NA,NA,NA,FK,pos
FT0370,121.03971524143132,7.0497080485026045,NA,NA,NA,FK,pos
FT0394,122.03534625946486,6.933535512288412,NA,NA,NA,FK,pos
FT0395,122.06836629493851,3.1227779388427734,NA,NA,NA,FK,pos
FT0396,122.08145168184018,7.108394877115885,NA,NA,NA,FK,pos
FT0398,123.02785509021489,6.929871114095052,NA,NA,NA,FK,pos
FT0410,123.11472581076724,7.52312749226888,"DL-Proline, 2H7",NA,NA,FK,pos
FT0412,124.0394687499847,3.265706888834635,Nicotinic acid,NA,NA,FK,pos
FT0413,124.03934647367772,6.052489725748698,NA,NA,NA,FK,pos
FT0442,124.05878189381411,2.6594717661539713,NA,NA,NA,FK,pos
FT0446,124.1002513787888,5.777509053548177,"Glycine betaine, 13C5, 15N",NA,NA,FK,pos
FT0453,125.04276112422326,3.490208943684896,NA,NA,NA,FK,pos
FT0457,126.0220932268347,9.756754557291666,Taurine,NA,NA,FK,pos
FT0463,127.05031566468098,2.609121449788411,Thymine,NA,NA,FK,pos
FT0464,127.0696421077175,4.3789014180501304,NA,NA,NA,FK,pos
FT0469,128.06987229743515,5.340752156575521,NA,NA,NA,FK,pos
FT0470,128.07611047501803,5.337143961588541,NA,NA,NA,FK,pos
FT0491,129.066035705444,8.32862548828125,NA,NA,NA,FK,pos
FT0502,130.050021208666,10.887204996744792,Pyro from glutamate,NA,NA,FK,pos
FT0503,130.05002309028308,9.995794677734375,Pyro from glutamine,NA,NA,FK,pos
FT0506,130.0652448814319,1.79601198832194,NA,NA,NA,FK,pos
FT0508,130.15916360422858,5.322101593017578,NA,NA,NA,FK,pos
FT0517,131.07036695294224,7.744111633300781,NA,NA,NA,FK,pos
FT0519,131.07041855019372,2.113275019327799,NA,NA,NA,FK,pos
FT0527,132.10204508400426,5.121253458658854,L-Leucine/beta-Alaninebetaine,NA,NA,FK,pos
FT0531,133.03187478150795,6.27566401163737,NA,NA,NA,FK,pos
FT0532,133.0801426104876,9.485355631510416,NA,NA,NA,FK,pos
FT0533,133.105379922751,7.945291137695311,NA,NA,NA,FK,pos
FT0538,136.05083851530856,8.229720052083334,NA,NA,NA,FK,pos
FT0550,137.04327989001695,8.230699666341145,NA,NA,NA,FK,pos
FT0552,137.04586727899542,5.948610941569011,Hypoxanthine,NA,NA,FK,pos
FT0554,137.05886322645006,3.799449539184571,NA,NA,NA,FK,pos
FT0555,137.06318759269828,9.383694458007811,NA,NA,NA,FK,pos
FT0557,137.06511692115416,3.7982089996337898,NA,NA,NA,FK,pos
FT0558,137.06513882019289,3.0380476633707683,NA,NA,NA,FK,pos
FT0559,137.0651143850871,2.3899621327718097,NA,NA,NA,FK,pos
FT0562,137.9838874824399,19.685804239908855,NA,NA,NA,FK,pos
FT0564,138.04914468009002,4.871315002441406,NA,NA,NA,FK,pos
FT0578,139.05837865631025,4.3369191487630205,NA,NA,NA,FK,pos
FT0579,139.05835168500377,6.3285762,NA,NA,NA,FK,pos
FT0580,139.05922628564727,3.837743631998698,NA,NA,NA,FK,pos
FT0600,140.0376001801198,7.4590087890625,N-Methyltaurine,NA,NA,FK,pos
FT0601,140.0376528981883,11.153392537434897,NA,NA,NA,FK,pos
FT0602,140.05354251339827,7.0331776936848955,NA,NA,NA,FK,pos
FT0604,141.00648863073917,9.623996988932292,NA,NA,NA,FK,pos
FT0620,141.06594764623895,5.730123901367188,NA,NA,NA,FK,pos
FT0626,143.003711673316,9.648535664876302,NA,NA,NA,FK,pos
FT0640,143.08155015324914,4.265502548217773,NA,NA,NA,FK,pos
FT0644,143.08159760080144,6.543831888834635,NA,NA,NA,FK,pos
FT0645,143.08160263153547,7.009664916992189,NA,NA,NA,FK,pos
FT0646,143.08156806586348,7.600599924723307,Ectoine,NA,NA,FK,pos
FT0647,144.07869391035206,7.919480387369791,NA,NA,NA,FK,pos
FT0649,144.1019745586704,5.018524678548177,Proline betaine,NA,NA,FK,pos
FT0653,144.1019718579114,7.706624857584635,NA,NA,NA,FK,pos
FT0683,145.08559845312982,7.982787322998047,NA,NA,NA,FK,pos
FT0690,146.06004509983472,2.1021525700887045,NA,NA,NA,FK,pos
FT0691,146.08117080462523,3.070068868001302,NA,NA,NA,FK,pos
FT0698,146.980373186829,2.985259755452474,NA,NA,NA,FK,pos
FT0718,147.04747214451052,6.955941263834635,NA,NA,NA,FK,pos
FT0719,147.0764556705356,9.992466735839844,L-Glutamine,NA,NA,FK,pos
FT0722,147.12084848234372,8.297807057698568,NA,NA,NA,FK,pos
FT0723,147.12090210093322,6.792440287272135,NA,NA,NA,FK,pos
FT0727,148.06047862594215,10.88721720377604,L-Glutamic acid/O-Acetyl-L-serine/beta-Glutamic acid,NA,NA,FK,pos
FT0729,148.09686054664255,6.837554677327475,Hydroxyisoleucine,NA,NA,FK,pos
FT0732,148.0968130311531,2.113275019327799,NA,NA,NA,FK,pos
FT0734,148.10590469679005,8.905008951822916,NA,NA,NA,FK,pos
FT0737,148.10584724723128,8.250349426269532,NA,NA,NA,FK,pos
FT0740,150.0583528334014,6.27566401163737,L-Methionine,NA,NA,FK,pos
FT0744,150.07742406623044,4.980593872070313,N6-Methyladenine,NA,NA,FK,pos
FT0746,150.112522921189,3.216535186767578,NA,NA,NA,FK,pos
FT0750,151.0807025328084,2.9624476114908855,NA,NA,NA,FK,pos
FT0751,151.09653889917192,2.261619059244792,NA,NA,NA,FK,pos
FT0754,152.05683400362514,8.205359903971354,Guanine,NA,NA,FK,pos
FT0761,152.07067840893757,7.645750935872396,NA,NA,NA,FK,pos
FT0763,152.07065024982433,5.4117991129557295,NA,NA,NA,FK,pos
FT0765,152.14751490849704,5.227884928385417,NA,NA,NA,FK,pos
FT0768,153.06006630129295,6.7346750895182295,NA,NA,NA,FK,pos
FT0769,153.07387272107732,3.1810279846191407,NA,NA,NA,FK,pos
FT0776,153.07722215938418,5.984631093343099,"L-Methionine, 2H3",NA,NA,FK,pos
FT0779,154.05326531274244,4.346571858723959,NA,NA,NA,FK,pos
FT0782,155.0541378861928,6.734181213378906,"Guanine, 13C, 15N2",NA,NA,FK,pos
FT0785,156.0768091292951,9.571608479817709,L-Histidine,NA,NA,FK,pos
FT0786,156.0848977051416,7.338872273763021,NA,NA,NA,FK,pos
FT0790,157.07390273213588,9.662835693359376,"DL-Histidine, 15N",NA,NA,FK,pos
FT0794,157.09723023850302,5.852352905273437,NA,NA,NA,FK,pos
FT0795,157.09722762425216,5.227884928385417,NA,NA,NA,FK,pos
FT0821,158.08121301926633,6.809013366699219,NA,NA,NA,FK,pos
FT0823,159.01710062336954,9.60387471516927,NA,NA,NA,FK,pos
FT0824,159.02780533878328,4.885523986816406,NA,NA,NA,FK,pos
FT0825,159.0764799177555,10.759698994954428,NA,NA,NA,FK,pos
FT0826,159.07646119671043,8.712959798177083,NA,NA,NA,FK,pos
FT0827,159.07645315093424,10.174286397298175,NA,NA,NA,FK,pos
FT0828,159.0764157349939,9.57286173502604,5-Hydroxyectoine,NA,NA,FK,pos
FT0830,160.0969157039488,8.022954813639323,NA,NA,NA,FK,pos
FT0831,160.096920454376,6.197325134277344,Betonicine/Turicine,NA,NA,FK,pos
FT0832,160.09688244381556,5.39501953125,NA,NA,NA,FK,pos
FT0835,160.0969117545239,4.0135951995849615,NA,NA,NA,FK,pos
FT0838,160.13327944705443,7.196553548177083,NA,NA,NA,FK,pos
FT0840,160.1333234988943,8.28984120686849,NA,NA,NA,FK,pos
FT0841,161.10012476793503,7.002295430501302,NA,NA,NA,FK,pos
FT0842,162.0760953414634,9.051955159505209,NA,NA,NA,FK,pos
FT0843,162.11255341790863,5.275800323486328,Carnitine,NA,NA,FK,pos
FT0849,163.11579568888914,6.739831797281901,NA,NA,NA,FK,pos
FT0850,163.11577713558972,8.200259399414062,NA,NA,NA,FK,pos
FT0857,165.0581402283683,6.939016469319662,NA,NA,NA,FK,pos
FT0878,166.0532315862891,8.768198140462239,L-Methionine S-oxide,NA,NA,FK,pos
FT0885,166.08632702005906,7.887883504231771,Ethyl aminobenzoate?,NA,NA,FK,pos
FT0887,166.08631629988096,4.528486633300782,NA,NA,NA,FK,pos
FT0888,166.08634822569374,6.9700795491536445,NA,NA,NA,FK,pos
FT0895,168.02913512087486,11.205736287434895,"2,3-Pyridinedicarboxylic acid",NA,NA,FK,pos
FT0896,168.05062437602842,6.312502034505209,NA,NA,NA,FK,pos
FT0912,170.06833897175096,15.214851888020831,NA,NA,NA,FK,pos
FT0913,171.0651611919664,2.377432378133138,NA,NA,NA,FK,pos
FT0917,171.08441226564733,3.1813151041666665,NA,NA,NA,FK,pos
FT0922,173.0921803989668,6.8968645731608085,NA,NA,NA,FK,pos
FT0924,174.02199738371078,4.4801485697428385,NA,NA,NA,FK,pos
FT0925,174.03874957132956,6.729422760009766,NA,NA,NA,FK,pos
FT0926,175.1077667695207,6.81224365234375,NA,NA,NA,FK,pos
FT0927,175.119036066026,16.72916259765625,L-Arginine,NA,NA,FK,pos
FT0928,176.05537516822213,11.144624837239585,Succinylglycine,NA,NA,FK,pos
FT0931,176.1281554512251,8.996378580729166,NA,NA,NA,FK,pos
FT0932,176.12819651087682,7.492479705810547,NA,NA,NA,FK,pos
FT0934,177.03615427112325,6.729532877604167,NA,NA,NA,FK,pos
FT0939,179.07372487712672,8.266624959309896,Gonyol,NA,NA,FK,pos
FT0940,180.00807379362794,5.638526407877604,NA,NA,NA,FK,pos
FT0944,180.07693807782186,9.392179870605467,NA,NA,NA,FK,pos
FT0945,180.08664392684491,8.938519287109376,Glucosamine,NA,NA,FK,pos
FT0946,180.10195010548102,6.915293375651042,NA,NA,NA,FK,pos
FT0965,181.0693881646876,9.392179870605467,NA,NA,NA,FK,pos
FT0966,182.01474988019365,5.562275187174479,NA,NA,NA,FK,pos
FT0994,182.0672799940619,5.517046356201172,NA,NA,NA,FK,pos
FT0996,182.08122430634563,7.990095520019532,L-Tyrosine,NA,NA,FK,pos
FT0997,182.1176334606898,2.295657857259114,NA,NA,NA,FK,pos
FT1020,184.03027734133008,9.62679189046224,NA,NA,NA,FK,pos
FT1050,189.07572857978536,2.3772691090901694,NA,NA,NA,FK,pos
FT1054,189.12336945947243,6.985976155598959,N6-Acetyl-L-lysine,NA,NA,FK,pos
FT1058,190.07101952018328,10.658884175618487,N-Acetyl-L-glutamic acid,NA,NA,FK,pos
FT1059,190.12666841148183,7.923082224527994,NA,NA,NA,FK,pos
FT1061,190.16300575734823,14.020567830403646,NA,NA,NA,FK,pos
FT1063,193.05306230832997,9.707369995117189,NA,NA,NA,FK,pos
FT1064,193.0895156314959,8.262836201985676,NA,NA,NA,FK,pos
FT1066,193.15485655046564,5.666852823893229,NA,NA,NA,FK,pos
FT1069,194.0927244905136,7.660161336263021,NA,NA,NA,FK,pos
FT1073,196.08296607334125,4.069387181599935,NA,NA,NA,FK,pos
FT1087,198.0986240516091,4.871315002441406,NA,NA,NA,FK,pos
FT1088,198.18531840401369,1.8105092366536464,NA,NA,NA,FK,pos
FT1120,204.08676796959924,6.552527364095052,NA,NA,NA,FK,pos
FT1121,204.0867420318876,1.8391181310017903,NA,NA,NA,FK,pos
FT1132,205.07078529782115,9.732530721028644,NA,NA,NA,FK,pos
FT1133,205.07071260881375,9.216480509440103,NA,NA,NA,FK,pos
FT1134,205.1263396702933,5.785784149169922,NA,NA,NA,FK,pos
FT1140,206.13880600056393,5.1447191874186196,Dexpanthenol,NA,NA,FK,pos
FT1142,207.0615406957719,5.5139620463053385,NA,NA,NA,FK,pos
FT1144,207.141972050479,2.3772555033365887,NA,NA,NA,FK,pos
FT1145,207.15915327913615,1.788470458984375,NA,NA,NA,FK,pos
FT1151,209.04794989523495,9.915108235677083,NA,NA,NA,FK,pos
FT1156,209.08445276662016,6.671580251057943,NA,NA,NA,FK,pos
FT1181,217.1071012412719,1.7274002075195312,NA,NA,NA,FK,pos
FT1187,218.13877908920068,9.775421651204429,O-Propionylcarnitine,NA,NA,FK,pos
FT1193,219.14195243518827,4.2970329284667965,NA,NA,NA,FK,pos
FT1195,220.0815569699776,2.49924799601237,O-Succinylhomoserine?,NA,NA,FK,pos
FT1196,220.1179860254383,1.7271953582763675,NA,NA,NA,FK,pos
FT1201,222.0972596871916,9.69153849283854,N-Acetyl-D-glucosamine,NA,NA,FK,pos
FT1202,223.05639296597317,12.024099222819013,NA,NA,NA,FK,pos
FT1203,223.05639219213424,11.532103474934896,NA,NA,NA,FK,pos
FT1204,223.0938208638259,5.415281168619791,NA,NA,NA,FK,pos
FT1217,226.1802235324991,1.862356758117676,NA,NA,NA,FK,pos
FT1235,227.11391956325664,11.081708272298178,Carnosine,NA,NA,FK,pos
FT1236,227.11381951661735,10.579606628417968,NA,NA,NA,FK,pos
FT1237,227.9804059394254,7.541457112630209,NA,NA,NA,FK,pos
FT1240,230.09577324695033,9.493140157063802,Ergothioneine,NA,NA,FK,pos
FT1241,230.99516882576108,13.13610585530599,NA,NA,NA,FK,pos
FT1242,232.11797847028544,8.37045923868815,NA,NA,NA,FK,pos
FT1263,234.13360445266255,1.6918732325236003,NA,NA,NA,FK,pos
FT1286,236.1492688213607,8.617018636067709,NA,NA,NA,FK,pos
FT1287,236.14933396526897,6.830007934570312,NA,NA,NA,FK,pos
FT1297,238.1072978360055,2.312405014038086,NA,NA,NA,FK,pos
FT1314,239.14896437312365,1.9856194814046224,NA,NA,NA,FK,pos
FT1315,241.1294448633912,9.167150370279948,Anserine,NA,NA,FK,pos
FT1316,241.1295197224959,9.688013712565104,NA,NA,NA,FK,pos
FT1323,244.09285587629577,6.507144165039063,Cytidine,NA,NA,FK,pos
FT1325,244.19088166102088,1.8628686269124348,NA,NA,NA,FK,pos
FT1334,246.09721834947712,8.211125691731771,NA,NA,NA,FK,pos
FT1335,246.09719901218497,7.6400400797526045,NA,NA,NA,FK,pos
FT1336,246.11655755901663,9.400060017903646,NA,NA,NA,FK,pos
FT1338,248.11292112401688,1.6925063451131188,NA,NA,NA,FK,pos
FT1339,248.11288092327283,2.258401616414388,NA,NA,NA,FK,pos
FT1340,250.0175210766197,13.14728495279948,NA,NA,NA,FK,pos
FT1341,250.1285362150708,1.8835472742716477,NA,NA,NA,FK,pos
FT1342,250.12851230772372,2.3772691090901694,NA,NA,NA,FK,pos
FT1358,252.10774873171772,9.40624491373698,Deoxyadenosine/Muramic acid,NA,NA,FK,pos
FT1370,253.11241031533743,3.0360198974609376,NA,NA,NA,FK,pos
FT1371,253.14755582937931,9.241301472981773,NA,NA,NA,FK,pos
FT1372,255.09098665020736,4.9484807332356775,NA,NA,NA,FK,pos
FT1374,259.11342175882356,9.637239583333333,NA,NA,NA,FK,pos
FT1381,260.1128610431599,2.474880345662435,NA,NA,NA,FK,pos
FT1382,260.1644915728591,1.7939390818277992,2-Heptyl-3-hydroxy-quinolone,NA,NA,FK,pos
FT1384,262.128406911708,8.712959798177083,O-Methylmalonyl-L-carnitine,NA,NA,FK,pos
FT1393,266.12341915194565,6.7522529602050785,NA,NA,NA,FK,pos
FT1418,269.0881063910641,6.039759318033855,Inosine,NA,NA,FK,pos
FT1419,269.1053179802186,9.52671407063802,NA,NA,NA,FK,pos
FT1421,269.10749099240746,3.584732818603516,NA,NA,NA,FK,pos
FT1423,273.089052430583,3.5360036214192707,NA,NA,NA,FK,pos
FT1442,276.1078337114158,6.430957285563151,NA,NA,NA,FK,pos
FT1448,278.9614070196754,13.155374145507812,NA,NA,NA,FK,pos
FT1450,284.0989128715262,7.489156087239583,Guanosine,NA,NA,FK,pos
FT1451,285.1444530824209,6.7797503153483065,NA,NA,NA,FK,pos
FT1452,286.1133578848869,10.006781514485676,NA,NA,NA,FK,pos
FT1454,289.1393181084616,8.942589314778646,NA,NA,NA,FK,pos
FT1456,290.13459116642616,9.914917500813802,Ophthalmic acid,NA,NA,FK,pos
FT1462,292.13894513480443,1.953350830078125,NA,NA,NA,FK,pos
FT1471,292.94195334532145,13.158943684895831,NA,NA,NA,FK,pos
FT1472,294.1182670900006,6.430957285563151,N-Acetylmuramic acid,NA,NA,FK,pos
FT1473,294.15458714381157,2.0167702356974284,NA,NA,NA,FK,pos
FT1474,294.9751057953691,13.142861938476562,NA,NA,NA,FK,pos
FT1475,295.128797569174,7.907201131184896,Glutamylphenylalanine,NA,NA,FK,pos
FT1512,300.0924271121197,2.4093783060709635,NA,NA,NA,FK,pos
FT1513,300.2017207302929,1.880255381266276,NA,NA,NA,FK,pos
FT1518,304.1754664549649,1.5951032002766927,NA,NA,NA,FK,pos
FT1558,314.09170211417415,3.962385686238606,NA,NA,NA,FK,pos
FT1563,317.99111418274543,13.145756022135416,NA,NA,NA,FK,pos
FT1578,329.1342304433334,8.980779012044271,NA,NA,NA,FK,pos
FT1583,333.9685289036572,13.11134033203125,NA,NA,NA,FK,pos
FT1584,334.1327150738118,10.253656514485677,NA,NA,NA,FK,pos
FT1618,344.22795810648387,1.8359631856282552,NA,NA,NA,FK,pos
FT1621,347.1448286453636,9.375792439778646,NA,NA,NA,FK,pos
FT1622,347.1450233178782,6.268218739827475,NA,NA,NA,FK,pos
FT1626,348.2017693039221,1.5829644521077475,NA,NA,NA,FK,pos
FT1631,352.2329316511748,1.7593645731608072,NA,NA,NA,FK,pos
FT1634,352.9282702602119,13.23401896158854,NA,NA,NA,FK,pos
FT1674,363.015553439997,13.145125325520834,NA,NA,NA,FK,pos
FT1675,366.9094954921285,13.1475341796875,NA,NA,NA,FK,pos
FT1680,368.9426317668865,13.143706766764325,NA,NA,NA,FK,pos
FT1699,385.1286947179492,8.822920735677084,S-Adenosylhomocysteine,NA,NA,FK,pos
FT1700,386.0422143742244,3.799587631225586,NA,NA,NA,FK,pos
FT1701,388.2542037068019,1.7893711090087892,NA,NA,NA,FK,pos
FT1704,393.95477408033304,13.138636271158854,NA,NA,NA,FK,pos
FT1710,402.1285829168488,5.246107737223308,NA,NA,NA,FK,pos
FT1717,413.77816099613005,2.956006876627604,NA,NA,NA,FK,pos
FT1750,467.9223216731474,13.137206013997394,NA,NA,NA,FK,pos
FT1751,478.0097435401282,13.138636271158854,NA,NA,NA,FK,pos
FT1752,481.9034545394939,13.150863069010416,NA,NA,NA,FK,pos
FT0024,60.99184396590865,10.473526509602864,NA,NA,NA,FK,neg
FT0027,61.98707124995552,4.691229248046875,NA,NA,NA,FK,neg
FT0056,71.0126305241181,4.141753387451172,NA,NA,NA,FK,neg
FT0080,74.99259218471195,7.681321716308593,NA,NA,NA,FK,neg
FT0111,78.91767976502894,7.501694742838541,NA,NA,NA,FK,neg
FT0114,79.9561332470117,13.126271565755207,NA,NA,NA,FK,neg
FT0126,80.91562678874303,7.490978584765625,NA,NA,NA,FK,neg
FT0179,89.02324745073459,5.024637858072917,NA,NA,NA,FK,neg
FT0193,91.02089151741936,2.311145782470703,NA,NA,NA,FK,neg
FT0227,92.95875441342268,9.668184407552085,NA,NA,NA,FK,neg
FT0228,92.95875046524148,8.318706766764324,NA,NA,NA,FK,neg
FT0241,94.95589057230596,9.68299051920573,NA,NA,NA,FK,neg
FT0266,96.96863430407714,9.5780756632487,NA,NA,NA,FK,neg
FT0283,97.96303368031852,13.13030293782552,NA,NA,NA,FK,neg
FT0287,98.95466233286692,13.122029622395834,NA,NA,NA,FK,neg
FT0291,98.96305252096268,13.119998677571614,NA,NA,NA,FK,neg
FT0294,98.96568960040078,9.587646484375,NA,NA,NA,FK,neg
FT0399,110.92492151454692,9.522865804036458,NA,NA,NA,FK,neg
FT0405,112.92205727800736,9.52484130859375,NA,NA,NA,FK,neg
FT0409,114.01923298149347,3.364450963338216,NA,NA,NA,FK,neg
FT0410,114.9192585772876,9.547704060872396,NA,NA,NA,FK,neg
FT0415,115.0255134829237,3.3596928914388022,"Uracil, 15N2, 2H2",NA,NA,FK,neg
FT0428,116.92745696055724,15.815594482421874,NA,NA,NA,FK,neg
FT0435,117.01821379162936,11.604377746582031,Succinic acid,NA,NA,FK,neg
FT0454,121.04337696757985,11.587645467122396,"Succinic acid, 2H4",NA,NA,FK,neg
FT0477,124.00634993297388,9.806722513834636,Taurine,NA,NA,FK,neg
FT0478,124.99036109319836,6.136057281494142,Isethionic acid,NA,NA,FK,neg
FT0483,126.90399335538316,4.812976582845052,NA,NA,NA,FK,neg
FT0492,129.0597196102517,2.7525694529215494,"Thymine, 2H4",NA,NA,FK,neg
FT0523,132.86687566649468,9.657258097330727,NA,NA,NA,FK,neg
FT0568,134.04620174205454,3.842767588297526,Adenine,NA,NA,FK,neg
FT0601,136.0403132843624,3.826730855305989,NA,NA,NA,FK,neg
FT0629,138.9369655228404,13.677564493815105,NA,NA,NA,FK,neg
FT0654,141.0659906888364,8.354297383626301,Ectoine,NA,NA,FK,neg
FT0655,142.91628687083056,7.520279947916666,NA,NA,NA,FK,neg
FT0681,145.06095562396604,10.023600260416666,NA,NA,NA,FK,neg
FT0689,146.04496815191766,10.921553548177084,NA,NA,NA,FK,neg
FT0693,146.96503256932635,4.654106648763021,NA,NA,NA,FK,neg
FT0697,147.02900539419204,11.753280639648438,NA,NA,NA,FK,neg
FT0724,150.0412542813566,6.681722513834635,Guanine,NA,NA,FK,neg
FT0732,152.9167565229659,13.673179117838542,NA,NA,NA,FK,neg
FT0765,157.12256318966368,1.719281832377116,NA,NA,NA,FK,neg
FT0828,176.8359377982838,8.19879608154297,NA,NA,NA,FK,neg
FT0829,176.91619794787442,13.128107706705729,NA,NA,NA,FK,neg
FT0835,179.08679003951994,4.100394694010417,NA,NA,NA,FK,neg
FT0850,182.82433824630556,7.736784362792969,NA,NA,NA,FK,neg
FT0901,196.9228097736571,13.124378458658857,NA,NA,NA,FK,neg
FT0902,196.93066516141445,13.126386006673178,NA,NA,NA,FK,neg
FT0926,212.07472797419047,7.834169514973959,NA,NA,NA,FK,neg
FT0971,216.8966138758767,13.29337463378906,NA,NA,NA,FK,neg
FT0977,220.78640313874487,8.073602549235027,NA,NA,NA,FK,neg
FT0984,224.81183174395636,8.355930074055989,NA,NA,NA,FK,neg
FT1009,244.08270575222667,8.817743937174479,NA,NA,NA,FK,neg
FT1048,260.7408311209873,7.543943277994791,NA,NA,NA,FK,neg
FT1050,264.73670713493146,7.543508911132812,NA,NA,NA,FK,neg
FT1051,266.7345483643213,7.523056030273437,NA,NA,NA,FK,neg
FT1052,267.0724440881526,10.056936645507813,Inosine,NA,NA,FK,neg
FT1098,292.89516888081494,13.138741048177083,NA,NA,NA,FK,neg
FT1138,316.8609060460641,13.137632751464844,NA,NA,NA,FK,neg
FT1141,318.73746041378,5.101121012369791,NA,NA,NA,FK,neg
FT1144,330.8421427384767,13.135858154296876,NA,NA,NA,FK,neg
FT1180,341.10920662239187,10.137511189778646,Lactose/Maltose/Trehalose/Sucrose,NA,NA,FK,neg
FT1195,353.149588973957,11.015726725260416,"Sucrose, 13C12/Trehalose, 13C12",NA,NA,FK,neg
FT1196,353.1496104120323,10.108863321940104,NA,NA,NA,FK,neg
FT1253,412.8318899099884,13.137941487630208,NA,NA,NA,FK,neg
FT0003,60.08151595055261,6.1401123046875,Trimethylamine,NA,NA,MS,pos
FT0026,70.06580840116803,9.113645935058594,NA,NA,NA,MS,pos
FT0057,74.06068593489618,11.240670776367187,NA,NA,NA,MS,pos
FT0092,77.0796215488126,6.832404581705729,NA,NA,NA,MS,pos
FT0108,84.04499808822823,9.51292978922526,NA,NA,NA,MS,pos
FT0109,84.04501921961122,6.700951639811198,NA,NA,NA,MS,pos
FT0110,84.08132091628764,9.521541341145833,NA,NA,NA,MS,pos
FT0111,84.08132569143062,8.578253173828125,NA,NA,NA,MS,pos
FT0114,85.0289101755703,4.748388417561849,NA,NA,NA,MS,pos
FT0115,85.02890856957904,5.96742909749349,NA,NA,NA,MS,pos
FT0116,85.02894537720027,1.9619762420654296,NA,NA,NA,MS,pos
FT0117,85.0289544791247,7.4346923828125,NA,NA,NA,MS,pos
FT0126,86.06060778245748,11.8538818359375,NA,NA,NA,MS,pos
FT0127,86.06060469875966,11.121253967285156,NA,NA,NA,MS,pos
FT0131,86.06053168573051,10.266279602050782,NA,NA,NA,MS,pos
FT0145,87.04456749983902,11.755095418294273,NA,NA,NA,MS,pos
FT0146,87.04456884599293,1.713169924418131,NA,NA,NA,MS,pos
FT0147,87.04457550901107,2.318030420939128,NA,NA,NA,MS,pos
FT0149,87.0445721862712,10.266279602050782,NA,NA,NA,MS,pos
FT0172,88.07622025733605,4.029858779907227,NA,NA,NA,MS,pos
FT0185,90.05546384766802,11.051394653320312,NA,NA,NA,MS,pos
FT0186,90.05546026767817,11.675436401367188,NA,NA,NA,MS,pos
FT0187,90.05545832550038,10.387267049153646,Sarcosine/beta-Alanine,NA,NA,MS,pos
FT0192,90.05547728785976,9.416943868001304,L-Alanine,NA,NA,MS,pos
FT0197,91.05470705145316,3.768445332845052,NA,NA,NA,MS,pos
FT0198,91.05470939199849,2.2801534016927083,NA,NA,NA,MS,pos
FT0202,93.04525318456064,8.560006713867187,NA,NA,NA,MS,pos
FT0203,93.04520685616554,9.312475077311198,NA,NA,NA,MS,pos
FT0204,93.045247441165,7.59719975789388,NA,NA,NA,MS,pos
FT0205,93.07034951340928,3.763205973307292,NA,NA,NA,MS,pos
FT0206,93.07429061147609,11.095612589518227,"DL-Alanine, 2H3",NA,NA,MS,pos
FT0242,97.07650052138403,9.515472412109377,NA,NA,NA,MS,pos
FT0296,100.07613243267554,2.3585174560546873,NA,NA,NA,MS,pos
FT0306,101.06008669482244,1.75023562113444,NA,NA,NA,MS,pos
FT0319,101.10773340839371,10.878080240885415,NA,NA,NA,MS,pos
FT0325,102.0553929531982,8.636180623372395,NA,NA,NA,MS,pos
FT0326,102.05544954582652,6.700951639811198,NA,NA,NA,MS,pos
FT0331,103.05459090756678,3.768445332845052,NA,NA,NA,MS,pos
FT0335,103.0869485893215,11.029841105143229,NA,NA,NA,MS,pos
FT0348,104.0710017547178,11.727794392903643,NA,NA,NA,MS,pos
FT0350,104.07101452486076,9.30381571451823,NA,NA,NA,MS,pos
FT0352,104.0709980893146,7.761047108968099,4-Aminobutyric acid/Dimethylglycine,NA,NA,MS,pos
FT0356,104.10738267187487,12.763919067382812,Choline,NA,NA,MS,pos
FT0375,105.07428226134584,8.314766947428385,NA,NA,NA,MS,pos
FT0378,105.07430625606594,11.633791097005208,NA,NA,NA,MS,pos
FT0379,105.07425417134438,10.22645263671875,NA,NA,NA,MS,pos
FT0380,105.1106799578908,10.841925048828124,NA,NA,NA,MS,pos
FT0381,105.1106930329627,14.000423177083333,NA,NA,NA,MS,pos
FT0382,105.11066825861684,12.7384521484375,NA,NA,NA,MS,pos
FT0385,106.05024381692922,12.045577494303386,L-Serine,NA,NA,MS,pos
FT0390,110.07164938794487,11.133413696289065,NA,NA,NA,MS,pos
FT0400,111.06875445170353,11.208865356445312,NA,NA,NA,MS,pos
FT0410,112.05086396249612,2.5513646443684896,NA,NA,NA,MS,pos
FT0411,112.05085587567658,4.789533996582032,Cytosine,NA,NA,MS,pos
FT0415,112.05085510572272,4.045077006022136,NA,NA,NA,MS,pos
FT0442,113.05412197752288,7.037885538736978,NA,NA,NA,MS,pos
FT0443,113.05414896489692,8.102241516113281,NA,NA,NA,MS,pos
FT0457,114.0664357356592,5.134960174560547,Creatinine?,NA,NA,MS,pos
FT0458,114.06651864546772,11.075930786132812,NA,NA,NA,MS,pos
FT0464,114.0916406990705,2.1879603068033853,NA,NA,NA,MS,pos
FT0474,114.55865038233767,10.872730509440103,NA,NA,NA,MS,pos
FT0477,115.07558820970584,1.720217450459798,NA,NA,NA,MS,pos
FT0480,115.0950090294618,2.10261599222819,NA,NA,NA,MS,pos
FT0510,117.0548253755575,10.964889526367188,NA,NA,NA,MS,pos
FT0518,117.07415591093402,9.064096069335935,NA,NA,NA,MS,pos
FT0529,118.06535480372766,3.763205973307292,NA,NA,NA,MS,pos
FT0540,119.08347831131056,7.406591542561849,NA,NA,NA,MS,pos
FT0543,119.08975973210732,7.407171122233072,NA,NA,NA,MS,pos
FT0550,120.06570693264672,11.064098612467449,L-Homoserine/L-Threonine,NA,NA,MS,pos
FT0555,120.0809154504644,5.297705078125,NA,NA,NA,MS,pos
FT0556,120.08099269277436,6.301361083984375,NA,NA,NA,MS,pos
FT0558,120.09063095472764,7.406527709960938,NA,NA,NA,MS,pos
FT0579,121.06832981814182,10.934081013997396,NA,NA,NA,MS,pos
FT0588,122.03527958719232,8.535123189290365,NA,NA,NA,MS,pos
FT0599,122.08136702467644,8.32761942545573,NA,NA,NA,MS,pos
FT0601,122.10845865377152,9.138338216145833,NA,NA,NA,MS,pos
FT0602,123.02774190898523,8.531013997395833,NA,NA,NA,MS,pos
FT0608,123.05542203149928,2.754363250732422,NA,NA,NA,MS,pos
FT0611,123.05550956989354,11.84188232421875,NA,NA,NA,MS,pos
FT0618,123.11470588603638,9.152728271484374,NA,NA,NA,MS,pos
FT0661,125.04281624376388,4.27047119140625,NA,NA,NA,MS,pos
FT0662,125.04276528452895,2.644353739420573,NA,NA,NA,MS,pos
FT0663,125.04276567191673,3.3251925150553387,NA,NA,NA,MS,pos
FT0664,125.07110388144788,5.422629547119141,NA,NA,NA,MS,pos
FT0677,126.02206826467224,11.061564127604166,Taurine,NA,NA,MS,pos
FT0678,126.02202278682316,10.268003845214844,NA,NA,NA,MS,pos
FT0707,128.07606557682738,6.862068430582682,NA,NA,NA,MS,pos
FT0737,129.06598066379226,9.99821065266927,NA,NA,NA,MS,pos
FT0751,130.04998372015876,8.636507161458333,5-Oxoproline,NA,NA,MS,pos
FT0759,130.06519841558256,1.8134456634521483,NA,NA,NA,MS,pos
FT0760,130.0652514433798,2.259965006510417,NA,NA,NA,MS,pos
FT0773,131.07036201632786,10.310392761230467,NA,NA,NA,MS,pos
FT0774,131.07053851187075,1.9981971740722655,NA,NA,NA,MS,pos
FT0778,132.06587549382374,11.187960815429689,NA,NA,NA,MS,pos
FT0781,132.0655537835391,9.457725524902344,Hydroxyproline,NA,NA,MS,pos
FT0796,133.03193084892624,7.72164560953776,NA,NA,NA,MS,pos
FT0797,133.03179512862798,7.083918762207031,NA,NA,NA,MS,pos
FT0798,133.06087466576838,11.668776448567709,L-Asparagine,NA,NA,MS,pos
FT0800,133.07389490191113,11.067093912760416,NA,NA,NA,MS,pos
FT0801,133.0801298047723,11.073433939615883,NA,NA,NA,MS,pos
FT0803,133.09726034889746,15.969815063476563,L-Ornithine,NA,NA,MS,pos
FT0806,133.1053242793675,9.60490010579427,NA,NA,NA,MS,pos
FT0807,133.10535620233924,6.75419921875,NA,NA,NA,MS,pos
FT0811,134.03255482019526,6.988996378580729,NA,NA,NA,MS,pos
FT0812,134.0812374539531,10.37432149251302,NA,NA,NA,MS,pos
FT0816,136.05076206440367,9.879781595865886,NA,NA,NA,MS,pos
FT0824,136.07572558133262,8.239673360188801,NA,NA,NA,MS,pos
FT0825,136.07576581747827,9.505818684895834,NA,NA,NA,MS,pos
FT0834,136.99419444162558,5.153777567545573,NA,NA,NA,MS,pos
FT0836,137.043190586985,9.880308024088542,NA,NA,NA,MS,pos
FT0837,137.0458435128571,5.691609446207682,NA,NA,NA,MS,pos
FT0838,137.04581815103927,7.769423421223959,NA,NA,NA,MS,pos
FT0839,137.04581381342624,6.445036061604818,Allopurinol/Hypoxanthine?,NA,NA,MS,pos
FT0840,137.0587940562745,5.065970102945964,NA,NA,NA,MS,pos
FT0842,137.06507003512974,4.898628743489583,NA,NA,NA,MS,pos
FT0844,137.06509656879132,3.5657455444335944,NA,NA,NA,MS,pos
FT0861,138.04914272112936,7.591920979817709,NA,NA,NA,MS,pos
FT0876,139.05019351929073,9.312475077311198,NA,NA,NA,MS,pos
FT0877,139.050219245608,8.619091796875,Urocanic acid,NA,NA,MS,pos
FT0878,139.0501696352598,7.551507568359375,NA,NA,NA,MS,pos
FT0880,139.05826440932202,5.557967122395834,NA,NA,NA,MS,pos
FT0881,139.05829298145687,7.965249633789062,NA,NA,NA,MS,pos
FT0887,140.03746312018214,12.29828592936198,NA,NA,NA,MS,pos
FT0888,140.03763394451252,8.940053304036459,N-Methyltaurine,NA,NA,MS,pos
FT0889,140.03746484931477,11.384605916341146,NA,NA,NA,MS,pos
FT0890,140.03750233035657,8.163973490397135,NA,NA,NA,MS,pos
FT0892,140.0375383906837,7.32472661336263,NA,NA,NA,MS,pos
FT0893,140.0533411260716,8.127854410807291,NA,NA,NA,MS,pos
FT0895,140.0536026276548,8.607449340820313,NA,NA,NA,MS,pos
FT0961,141.06584930177138,7.434857432047525,NA,NA,NA,MS,pos
FT0987,143.08154619375134,8.209971110026041,NA,NA,NA,MS,pos
FT0990,143.08148386195114,5.422629547119141,Ectoine,NA,NA,MS,pos
FT1003,144.07869371246323,9.502947998046874,NA,NA,NA,MS,pos
FT1004,144.0807201227259,3.778112030029297,NA,NA,NA,MS,pos
FT1010,144.085079287712,8.66710205078125,NA,NA,NA,MS,pos
FT1012,144.10191395209307,9.36664581298828,NA,NA,NA,MS,pos
FT1013,144.10198769365329,8.431325785319011,Proline betaine,NA,NA,MS,pos
FT1015,144.10187772369574,10.126795450846354,NA,NA,NA,MS,pos
FT1036,145.0607668637817,10.354178873697917,NA,NA,NA,MS,pos
FT1037,145.06075289344483,9.495094807942708,NA,NA,NA,MS,pos
FT1038,145.08559772151136,9.502947998046874,NA,NA,NA,MS,pos
FT1040,145.1052141583924,6.7169746398925785,NA,NA,NA,MS,pos
FT1047,146.06001652431576,2.0859303792317707,NA,NA,NA,MS,pos
FT1048,146.059952526575,2.743921915690104,NA,NA,NA,MS,pos
FT1049,146.11753088495212,10.01246846516927,NA,NA,NA,MS,pos
FT1050,146.11757361684136,8.47611999511719,(3-Carboxypropyl)trimethylammonium?,NA,NA,MS,pos
FT1051,146.1175207661296,9.14013163248698,Acetylcholine?,NA,NA,MS,pos
FT1069,147.0474231939911,8.592239888509114,NA,NA,NA,MS,pos
FT1070,147.0763954280385,11.490403747558592,L-Glutamine,NA,NA,MS,pos
FT1076,148.06040964915007,12.323855590820312,beta-Glutamic acid?/L-Glutamic acid/O-Acetyl-L-serine,NA,NA,MS,pos
FT1080,148.09679406586096,8.479293314615886,Hydroxyisoleucine,NA,NA,MS,pos
FT1082,148.0967898719158,2.399042002360026,NA,NA,NA,MS,pos
FT1089,148.1058595326853,9.850836181640624,NA,NA,NA,MS,pos
FT1091,148.10581221976412,10.838541158040364,NA,NA,NA,MS,pos
FT1097,150.05827756509953,7.145318094889323,L-Methionine,NA,NA,MS,pos
FT1098,150.05838677618857,7.742046356201172,NA,NA,NA,MS,pos
FT1099,150.11249928176574,3.289493560791016,NA,NA,NA,MS,pos
FT1118,151.04225844672368,2.009780693054199,NA,NA,NA,MS,pos
FT1119,151.0965146076326,2.3122851053873696,NA,NA,NA,MS,pos
FT1126,152.0567602016003,9.262075805664065,Guanine,NA,NA,MS,pos
FT1129,152.07059376382418,7.122322591145833,NA,NA,NA,MS,pos
FT1130,152.14744698289687,6.839483642578125,NA,NA,NA,MS,pos
FT1133,153.0599818711835,8.403582763671874,NA,NA,NA,MS,pos
FT1134,153.06000227629676,9.149534098307292,NA,NA,NA,MS,pos
FT1135,153.07378880144032,3.6531168619791665,NA,NA,NA,MS,pos
FT1140,153.0738929432494,9.306561279296876,NA,NA,NA,MS,pos
FT1141,153.077138206531,7.0043889363606775,"L-Methionine, 2H3",NA,NA,MS,pos
FT1142,153.0771559580869,7.822400410970052,NA,NA,NA,MS,pos
FT1153,154.05322227576073,5.3988093058268225,NA,NA,NA,MS,pos
FT1183,156.076739591278,11.029654439290365,L-Histidine,NA,NA,MS,pos
FT1189,156.08486028906597,8.991349283854166,NA,NA,NA,MS,pos
FT1197,157.07383770396322,11.176706949869793,"DL-Histidine, 15N",NA,NA,MS,pos
FT1199,157.09719888301328,7.001318359375,NA,NA,NA,MS,pos
FT1200,157.09722395650073,7.577770233154297,NA,NA,NA,MS,pos
FT1201,157.09715948829273,8.393780771891276,NA,NA,NA,MS,pos
FT1221,158.1176502862935,5.675205485026042,NA,NA,NA,MS,pos
FT1227,159.07639010308498,12.100770568847656,5-Hydroxyectoine,NA,NA,MS,pos
FT1228,159.07638954008326,10.320505777994793,NA,NA,NA,MS,pos
FT1229,159.10155706831796,1.6680004119873046,NA,NA,NA,MS,pos
FT1235,160.07967492237017,11.100042215983072,NA,NA,NA,MS,pos
FT1243,162.075969174513,9.069926452636718,NA,NA,NA,MS,pos
FT1245,162.10058098627576,8.558172607421875,NA,NA,NA,MS,pos
FT1248,162.11247923541163,7.073341623942057,Carnitine,NA,NA,MS,pos
FT1260,163.11577171841202,8.368217976888022,NA,NA,NA,MS,pos
FT1261,163.11572269967215,9.80663604736328,NA,NA,NA,MS,pos
FT1269,165.05804434192729,8.592925008138021,NA,NA,NA,MS,pos
FT1282,165.1324724053857,9.51450703938802,NA,NA,NA,MS,pos
FT1306,166.05323131377287,10.520482381184896,L-Methionine S-oxide,NA,NA,MS,pos
FT1318,166.07233321084516,8.70371348063151,NA,NA,NA,MS,pos
FT1319,166.0862518151964,8.669805908203125,Ethyl aminobenzoate?,NA,NA,MS,pos
FT1320,166.08627251767157,9.596223449707033,NA,NA,NA,MS,pos
FT1321,166.0861928319974,5.367824300130208,NA,NA,NA,MS,pos
FT1332,167.09270603643455,3.0990097045898444,NA,NA,NA,MS,pos
FT1334,167.12582142102414,3.768445332845052,NA,NA,NA,MS,pos
FT1340,168.06888090929615,8.490086873372396,NA,NA,NA,MS,pos
FT1373,170.06828005803956,18.01605224609375,NA,NA,NA,MS,pos
FT1374,170.0683657995693,17.29813232421875,NA,NA,NA,MS,pos
FT1375,170.1175521857876,8.324463399251302,NA,NA,NA,MS,pos
FT1376,170.11756520707735,9.079651896158854,NA,NA,NA,MS,pos
FT1382,171.08434417337406,3.655377451578776,NA,NA,NA,MS,pos
FT1395,173.092105212478,8.600616455078125,NA,NA,NA,MS,pos
FT1407,174.02195143376906,5.626234436035157,NA,NA,NA,MS,pos
FT1408,174.03867566051082,8.35910898844401,NA,NA,NA,MS,pos
FT1409,175.11897047608298,18.153434244791665,L-Arginine,NA,NA,MS,pos
FT1412,176.07052808491176,2.0641164143880206,NA,NA,NA,MS,pos
FT1416,176.12810274897075,10.567717488606773,NA,NA,NA,MS,pos
FT1418,176.1281706987186,9.150478108723958,NA,NA,NA,MS,pos
FT1419,176.1281608945655,8.092060852050782,NA,NA,NA,MS,pos
FT1420,176.1393794111863,7.434143575032552,NA,NA,NA,MS,pos
FT1430,178.13381073344257,10.818408203125,NA,NA,NA,MS,pos
FT1437,179.0735704795124,10.96309814453125,Gonyol,NA,NA,MS,pos
FT1438,179.0736234689658,9.968840535481773,NA,NA,NA,MS,pos
FT1440,180.0079487383354,7.2364369710286445,NA,NA,NA,MS,pos
FT1448,180.0865845391356,10.356862386067707,Glucosamine,NA,NA,MS,pos
FT1450,180.10188302114358,8.642476399739584,NA,NA,NA,MS,pos
FT1464,181.1272512138484,3.8474825541178386,NA,NA,NA,MS,pos
FT1481,182.08117067869628,9.469786580403646,L-Tyrosine,NA,NA,MS,pos
FT1482,182.08110920698348,8.358068084716797,NA,NA,NA,MS,pos
FT1483,182.1176178536336,2.2990721384684245,NA,NA,NA,MS,pos
FT1485,182.11763054139544,7.296353658040364,NA,NA,NA,MS,pos
FT1543,185.0920966196295,8.281767781575521,NA,NA,NA,MS,pos
FT1550,186.1125397629499,2.1714703877766928,NA,NA,NA,MS,pos
FT1570,190.1073268500755,10.76460469563802,NA,NA,NA,MS,pos
FT1582,190.12662891773024,8.63260752360026,NA,NA,NA,MS,pos
FT1583,190.1266994809246,9.521541341145833,NA,NA,NA,MS,pos
FT1584,190.95735455354915,1.9730604807535808,NA,NA,NA,MS,pos
FT1585,192.0244361148982,12.545099894205729,NA,NA,NA,MS,pos
FT1586,193.05297635527535,11.1442143758138,NA,NA,NA,MS,pos
FT1589,193.0893573163635,9.979412841796876,NA,NA,NA,MS,pos
FT1590,193.15479262584563,7.403509521484375,NA,NA,NA,MS,pos
FT1591,193.15480100244372,6.673988596598306,NA,NA,NA,MS,pos
FT1603,194.09254090967528,10.409580485026042,NA,NA,NA,MS,pos
FT1609,195.0849435088603,10.409580485026042,NA,NA,NA,MS,pos
FT1610,195.12277523643272,2.1729920705159507,NA,NA,NA,MS,pos
FT1642,198.08491382756608,12.100689697265626,NA,NA,NA,MS,pos
FT1660,201.12337960938535,10.898039245605467,NA,NA,NA,MS,pos
FT1673,204.08661908861149,1.8334303538004555,NA,NA,NA,MS,pos
FT1675,204.1231384661337,8.450599161783854,O-Acetylcarnitine,NA,NA,MS,pos
FT1676,204.1230177382812,10.61346435546875,NA,NA,NA,MS,pos
FT1678,205.1263296688615,7.432781473795573,NA,NA,NA,MS,pos
FT1680,206.1025197881736,2.333360036214193,NA,NA,NA,MS,pos
FT1683,206.13883619225547,7.063779195149739,NA,NA,NA,MS,pos
FT1684,206.1389308009621,8.467672220865886,Dexpanthenol,NA,NA,MS,pos
FT1687,207.06858849447076,9.16815643310547,NA,NA,NA,MS,pos
FT1688,207.1048057809368,10.041666666666666,NA,NA,NA,MS,pos
FT1690,207.14192012119963,2.357322184244792,NA,NA,NA,MS,pos
FT1691,207.15902577940284,1.779864184061686,NA,NA,NA,MS,pos
FT1692,207.1703458917814,6.773081461588542,NA,NA,NA,MS,pos
FT1705,209.0478637706604,11.395947265625,NA,NA,NA,MS,pos
FT1712,209.084230855317,8.337227376302083,NA,NA,NA,MS,pos
FT1713,209.08420663074068,7.4064788818359375,NA,NA,NA,MS,pos
FT1727,211.10519126468097,8.50590108235677,NA,NA,NA,MS,pos
FT1738,212.13925028378213,10.993298848470053,NA,NA,NA,MS,pos
FT1798,219.1418481227257,5.963341267903646,NA,NA,NA,MS,pos
FT1799,219.170302940012,6.720516967773437,NA,NA,NA,MS,pos
FT1801,220.1179135493707,1.75023562113444,NA,NA,NA,MS,pos
FT1812,223.0937058147321,7.041670735677084,NA,NA,NA,MS,pos
FT1813,223.12455883880637,1.8877920786539713,NA,NA,NA,MS,pos
FT1815,224.1855062352896,1.7812141418457033,NA,NA,NA,MS,pos
FT1816,225.1959997766609,1.7970307032267252,NA,NA,NA,MS,pos
FT1817,225.9824882643597,8.9476806640625,NA,NA,NA,MS,pos
FT1818,226.14372205755316,2.168536631266276,NA,NA,NA,MS,pos
FT1827,232.11780267361448,1.822117233276367,NA,NA,NA,MS,pos
FT1828,232.1179209710533,10.051348876953124,NA,NA,NA,MS,pos
FT1878,234.13352869699537,1.728378423055013,NA,NA,NA,MS,pos
FT1880,234.1590280967634,4.698808797200521,NA,NA,NA,MS,pos
FT1900,235.16521568767797,7.420303344726563,NA,NA,NA,MS,pos
FT1907,235.91295592348536,3.258310190836589,NA,NA,NA,MS,pos
FT1922,236.14920571258324,10.166427612304688,NA,NA,NA,MS,pos
FT1923,236.14926435263715,8.51331278483073,NA,NA,NA,MS,pos
FT1928,239.14888201418984,2.082791010538737,NA,NA,NA,MS,pos
FT1944,245.0961143234839,8.102241516113281,NA,NA,NA,MS,pos
FT1945,245.09872076335049,11.79004618326823,NA,NA,NA,MS,pos
FT1948,245.60047174678024,11.779960123697917,NA,NA,NA,MS,pos
FT1952,246.09722193830817,10.100488789876302,NA,NA,NA,MS,pos
FT1953,246.11654169757364,11.045231119791667,NA,NA,NA,MS,pos
FT1954,246.1335199797794,2.005479431152344,NA,NA,NA,MS,pos
FT1955,247.16528795767445,17.969685872395832,NA,NA,NA,MS,pos
FT1957,248.1128385506571,2.2153803507486978,NA,NA,NA,MS,pos
FT1968,252.10775147461263,10.899236043294271,Deoxyadenosine/Muramic acid,NA,NA,MS,pos
FT1976,253.1123128369738,3.571067047119141,NA,NA,NA,MS,pos
FT1977,253.1473594051141,10.772161356608072,NA,NA,NA,MS,pos
FT1980,259.1134515633884,11.185604858398438,NA,NA,NA,MS,pos
FT1981,259.12879768599146,10.488329569498696,NA,NA,NA,MS,pos
FT1985,260.112900820563,2.5827359517415363,NA,NA,NA,MS,pos
FT1986,260.14927245411695,1.8458911259969073,NA,NA,NA,MS,pos
FT1994,262.16475182954645,1.7489151000976562,NA,NA,NA,MS,pos
FT1996,264.1440665287271,2.2765813191731774,NA,NA,NA,MS,pos
FT2004,266.07480776259854,8.173111724853516,NA,NA,NA,MS,pos
FT2005,266.12334817577283,7.1638427734375,NA,NA,NA,MS,pos
FT2006,266.1234009774395,8.205987548828125,NA,NA,NA,MS,pos
FT2030,269.08796791694215,7.760693359375,Inosine,NA,NA,MS,pos
FT2031,269.10528912803284,11.08629913330078,NA,NA,NA,MS,pos
FT2033,269.1073809306421,4.518561299641927,NA,NA,NA,MS,pos
FT2043,275.07118527563944,11.391570027669273,NA,NA,NA,MS,pos
FT2046,275.1178077005154,1.9134480794270832,NA,NA,NA,MS,pos
FT2047,276.1440247779571,2.0641164143880206,NA,NA,NA,MS,pos
FT2051,277.0893346948885,9.938683573404948,NA,NA,NA,MS,pos
FT2052,278.1596844453124,1.995219930013021,NA,NA,NA,MS,pos
FT2054,280.09200030324513,11.154662577311198,NA,NA,NA,MS,pos
FT2055,283.174933547459,2.0150684356689452,NA,NA,NA,MS,pos
FT2056,284.09878597119473,9.131959533691406,Guanosine,NA,NA,MS,pos
FT2059,285.14444691953616,6.900211079915365,NA,NA,NA,MS,pos
FT2060,286.11311703015144,11.156757100423176,NA,NA,NA,MS,pos
FT2061,286.1479327360962,8.465473175048828,NA,NA,NA,MS,pos
FT2062,288.2896771159379,1.7226462046305342,NA,NA,NA,MS,pos
FT2065,289.13924536688364,10.529441324869792,NA,NA,NA,MS,pos
FT2066,290.13447890857367,11.37128397623698,Ophthalmic acid,NA,NA,MS,pos
FT2069,291.06977277200997,7.757594807942708,NA,NA,NA,MS,pos
FT2071,291.12977555125065,14.020057169596354,L-Arginosuccinic acid,NA,NA,MS,pos
FT2074,292.1388566753018,1.9131429672241216,NA,NA,NA,MS,pos
FT2082,294.15459324480366,1.917994181315104,NA,NA,NA,MS,pos
FT2083,294.19091178655754,1.7513360341389974,NA,NA,NA,MS,pos
FT2112,299.1004037400986,3.0335091908772784,NA,NA,NA,MS,pos
FT2113,299.10994339703683,1.807558314005534,NA,NA,NA,MS,pos
FT2115,300.0923589627356,2.440413665771485,NA,NA,NA,MS,pos
FT2116,300.20158657788505,2.0118602752685546,NA,NA,NA,MS,pos
FT2117,303.1186006473773,11.155623372395834,NA,NA,NA,MS,pos
FT2118,306.0807680721715,9.121022033691409,NA,NA,NA,MS,pos
FT2159,314.09156868140246,5.198123677571615,NA,NA,NA,MS,pos
FT2165,320.17025179806933,1.9047133127848308,NA,NA,NA,MS,pos
FT2166,322.1858334207144,2.42104008992513,NA,NA,NA,MS,pos
FT2179,325.0880857581396,8.333568572998047,NA,NA,NA,MS,pos
FT2180,329.1341591678509,10.604947916666667,NA,NA,NA,MS,pos
FT2181,330.0596087663828,7.176544189453125,NA,NA,NA,MS,pos
FT2182,330.05964869658396,6.115520985921224,NA,NA,NA,MS,pos
FT2183,333.12918688290904,11.617462158203123,NA,NA,NA,MS,pos
FT2185,334.13259075687233,11.134122721354167,NA,NA,NA,MS,pos
FT2186,334.1327678223437,11.683258565266929,NA,NA,NA,MS,pos
FT2188,335.1947500245647,1.807558314005534,NA,NA,NA,MS,pos
FT2208,344.2279197242956,1.962610117594401,NA,NA,NA,MS,pos
FT2216,347.1448805656068,8.136576334635416,NA,NA,NA,MS,pos
FT2217,347.1449923864721,11.024782307942708,NA,NA,NA,MS,pos
FT2248,354.05082935536575,11.580992126464844,NA,NA,NA,MS,pos
FT2250,354.05104895908084,8.0521115620931,NA,NA,NA,MS,pos
FT2262,357.1655453881593,10.157535807291667,NA,NA,NA,MS,pos
FT2271,365.1054078114298,11.68943125406901,NA,NA,NA,MS,pos
FT2272,365.1055232959651,12.561740112304689,NA,NA,NA,MS,pos
FT2273,366.0511188098919,9.040169270833331,NA,NA,NA,MS,pos
FT2292,372.19024412931265,11.615169270833333,NA,NA,NA,MS,pos
FT2293,377.0529664668577,6.848649851481119,NA,NA,NA,MS,pos
FT2294,377.14561395464017,11.65845438639323,NA,NA,NA,MS,pos
FT2295,377.1457566412889,12.650953165690105,NA,NA,NA,MS,pos
FT2304,386.0420393836862,4.9138743082682295,NA,NA,NA,MS,pos
FT2307,388.25405950012566,1.918364397684733,NA,NA,NA,MS,pos
FT2331,399.1441377968557,11.149031575520834,S-Adenosylmethionine,NA,NA,MS,pos
FT2334,400.1483025261319,12.468243408203126,NA,NA,NA,MS,pos
FT2345,425.1764505808638,9.802901204427084,Chitobiose,NA,NA,MS,pos
FT2359,431.1000006359434,5.0533495585123696,NA,NA,NA,MS,pos
FT2360,432.1178143592509,1.467973518371582,NA,NA,NA,MS,pos
FT2361,432.2804003571465,1.8927074432373048,NA,NA,NA,MS,pos
FT2429,502.08964943858933,3.5705540974934893,NA,NA,NA,MS,pos
FT2433,521.0968132503415,4.898628743489583,NA,NA,NA,MS,pos
FT2472,664.11659841473,11.785871887207032,NA,NA,NA,MS,pos
FT2473,664.1171506383848,12.045284016927084,NA,NA,NA,MS,pos
FT0039,61.987086239364686,5.206949361165365,NA,NA,NA,MS,neg
FT0055,61.99523156064629,9.11979268391927,NA,NA,NA,MS,neg
FT0068,62.99614711979796,9.144711303710938,NA,NA,NA,MS,neg
FT0112,74.98959232702632,2.2448031107584634,NA,NA,NA,MS,neg
FT0122,74.99263877544288,9.295857747395834,NA,NA,NA,MS,neg
FT0155,78.91771171265997,8.835892740885416,NA,NA,NA,MS,neg
FT0161,79.95616307211625,14.670706685384117,NA,NA,NA,MS,neg
FT0169,80.9156647720216,8.831208292643229,NA,NA,NA,MS,neg
FT0212,82.95297041972177,3.6581400553385417,NA,NA,NA,MS,neg
FT0335,92.95880124761284,9.749193827311196,NA,NA,NA,MS,neg
FT0336,93.00020579613086,4.752542622884115,NA,NA,NA,MS,neg
FT0354,93.04461624562484,7.391549682617188,NA,NA,NA,MS,neg
FT0362,94.97950252522446,11.653462727864584,NA,NA,NA,MS,neg
FT0365,94.9795219876969,9.264130147298175,NA,NA,NA,MS,neg
FT0447,97.9631024293654,14.66754913330078,NA,NA,NA,MS,neg
FT0451,98.95472080030449,14.669193013509114,NA,NA,NA,MS,neg
FT0454,98.96312641393196,14.66978047688802,NA,NA,NA,MS,neg
FT0537,104.04227459748846,7.770884704589844,NA,NA,NA,MS,neg
FT0591,108.02053160039549,3.899183654785156,NA,NA,NA,MS,neg
FT0592,108.02060167946784,4.607231140136719,NA,NA,NA,MS,neg
FT0594,108.9954183780356,4.90676015218099,Ethanesulfonic acid,NA,NA,MS,neg
FT0595,108.99534508630174,4.212678782145183,NA,NA,NA,MS,neg
FT0596,109.02836337167976,3.899183654785156,NA,NA,NA,MS,neg
FT0597,109.02842576080177,4.607231140136719,NA,NA,NA,MS,neg
FT0656,115.00263982548556,11.805240885416667,Fumaric acid,NA,NA,MS,neg
FT0706,118.94102582981157,15.104432169596354,NA,NA,NA,MS,neg
FT0733,121.04343205670264,13.08158467610677,NA,NA,NA,MS,neg
FT0768,124.00640530513368,11.186592610677083,Taurine,NA,NA,MS,neg
FT0770,124.99040991090337,7.54503428141276,Isethionic acid,NA,NA,MS,neg
FT0771,124.99040558788283,2.762826792399089,NA,NA,NA,MS,neg
FT0778,126.90403972903218,5.065583038330078,NA,NA,NA,MS,neg
FT0788,126.9970986957708,6.905142211914063,NA,NA,NA,MS,neg
FT0827,131.03393760310135,3.2364433288574217,NA,NA,NA,MS,neg
FT0856,132.86691226378065,9.6911376953125,NA,NA,NA,MS,neg
FT0873,133.01324485227994,13.807177734375,Malic acid,NA,NA,MS,neg
FT0883,134.04627962637963,4.687834676106771,Adenine,NA,NA,MS,neg
FT0895,134.89368283793476,9.392789204915363,NA,NA,NA,MS,neg
FT0925,136.939152581761,15.080181884765627,NA,NA,NA,MS,neg
FT0930,137.02344196410033,7.694496154785156,Salicylic acid,NA,NA,MS,neg
FT0931,137.02342513630123,6.539761098225911,NA,NA,NA,MS,neg
FT0949,138.02679570116624,2.068699518839518,NA,NA,NA,MS,neg
FT0966,142.91636372435852,8.819891357421875,NA,NA,NA,MS,neg
FT0983,144.0445455423584,2.069683647155762,NA,NA,NA,MS,neg
FT1009,146.04505585627834,12.309947204589845,NA,NA,NA,MS,neg
FT1032,150.04131698044912,8.385018412272135,Guanine,NA,NA,MS,neg
FT1043,153.0184761352278,4.242702356974283,"2,5-Dihydroxybenzoic acid",NA,NA,MS,neg
FT1061,155.00900152222903,7.567305755615235,Orotic acid,NA,NA,MS,neg
FT1123,166.0171820415763,4.9362848917643225,N-Acetyltaurine,NA,NA,MS,neg
FT1124,166.01717286225465,4.151179377237956,NA,NA,NA,MS,neg
FT1125,166.017262282302,5.6990208943684895,NA,NA,NA,MS,neg
FT1140,167.0203434307825,10.718076578776042,NA,NA,NA,MS,neg
FT1141,167.99645851139715,13.11382802327474,L-Cysteic acid,NA,NA,MS,neg
FT1148,172.00670140814267,7.204746500651042,Sulfanilic acid,NA,NA,MS,neg
FT1150,172.13843700813004,1.607754898071289,NA,NA,NA,MS,neg
FT1166,173.00847057915453,15.68544921875,cis-Aconitic acid,NA,NA,MS,neg
FT1169,173.0448155341874,11.180345153808592,Shikimic acid,NA,NA,MS,neg
FT1170,173.0449308266592,11.768804931640624,NA,NA,NA,MS,neg
FT1171,174.08770445677712,12.39552714029948,NA,NA,NA,MS,neg
FT1179,176.91634152613844,14.683449300130208,NA,NA,NA,MS,neg
FT1181,177.0429626913562,9.508140055338542,NA,NA,NA,MS,neg
FT1182,178.07148734011977,7.408718109130859,NA,NA,NA,MS,neg
FT1185,179.08691098935492,5.713243103027343,NA,NA,NA,MS,neg
FT1186,179.08684376581496,4.861662292480469,NA,NA,NA,MS,neg
FT1196,182.82443669485357,8.48818105061849,NA,NA,NA,MS,neg
FT1197,182.82449148588248,9.15657958984375,NA,NA,NA,MS,neg
FT1208,187.10824458787815,9.463248697916669,NA,NA,NA,MS,neg
FT1233,196.92293964931807,14.677587381998698,NA,NA,NA,MS,neg
FT1235,196.93078167273637,14.67418416341146,NA,NA,NA,MS,neg
FT1247,205.035870538055,2.0062503814697266,Lipoic acid,NA,NA,MS,neg
FT1257,210.93131130776015,8.853970336914063,NA,NA,NA,MS,neg
FT1263,212.0749225697624,9.143223063151042,NA,NA,NA,MS,neg
FT1312,216.8967046326398,14.900093587239583,NA,NA,NA,MS,neg
FT1314,216.90922132924928,14.730617777506511,NA,NA,NA,MS,neg
FT1319,219.05081943650936,11.298097737630208,NA,NA,NA,MS,neg
FT1344,241.0830164335144,2.7613001505533856,Thymidine,NA,NA,MS,neg
FT1347,244.08283324369265,10.18593037923177,NA,NA,NA,MS,neg
FT1348,244.0827135884964,8.77665506998698,NA,NA,NA,MS,neg
FT1351,246.0573898120194,10.333986409505208,NA,NA,NA,MS,neg
FT1384,267.0725697584251,11.548948160807292,NA,NA,NA,MS,neg
FT1386,268.07592017538946,11.183421834309897,NA,NA,NA,MS,neg
FT1417,288.1204189132967,11.387032063802083,NA,NA,NA,MS,neg
FT1418,289.0699959440697,9.61790568033854,NA,NA,NA,MS,neg
FT1422,292.89539648749553,14.665636698404947,NA,NA,NA,MS,neg
FT1435,311.2835633896386,1.5468186696370445,NA,NA,NA,MS,neg
FT1444,316.86113226373664,14.695695495605468,NA,NA,NA,MS,neg
FT1450,330.8423662028177,14.68406778971354,NA,NA,NA,MS,neg
FT1475,341.10929550951624,11.707845052083334,Lactose/Maltose/Trehalose/Sucrose,NA,NA,MS,neg
FT1483,351.0415158492116,11.972310384114584,NA,NA,NA,MS,neg
FT1488,353.1498035338484,11.655652364095053,NA,NA,NA,MS,neg
FT1489,353.14979663693697,12.53849182128906,NA,NA,NA,MS,neg
FT1501,377.0861154027484,11.662876383463542,NA,NA,NA,MS,neg
FT1508,383.1148234065817,10.375762939453123,NA,NA,NA,MS,neg
FT1509,389.1265086570279,11.668521118164062,NA,NA,NA,MS,neg
FT1527,412.8322326633675,14.70081075032552,NA,NA,NA,MS,neg
FT1551,606.074985228247,13.10172424316406,UDP-N-acetylglucosamine,NA,NA,MS,neg
